id,code,name,address,address_extra,city,zip_code,province,country,contact_name,phonenumber,reference,created_at,updated_at
1,SUP0001,"Lee, Parks and Johnson",5989 Sullivan Drives,Apt. 996,Port Anitaburgh,91688,Illinois,Czech Republic,Toni Barnett,363.541.7282x36825,LPaJ-SUP0001,1971-10-20 18:06:17,1985-06-08 00:13:46
2,SUP0002,Holden-Quinn,576 Christopher Roads,Suite 072,Amberbury,16105,Illinois,Saint Martin,Kathleen Vincent,001-733-291-8848x3542,H-SUP0002,1995-12-18 03:05:46,2019-11-10 22:11:12
3,SUP0003,White and Sons,1761 Shepard Valley,Suite 853,Aguilarton,63918,Wyoming,Ghana,Jason Hudson,001-910-585-6962x8307,WaS-SUP0003,2010-06-14 02:32:58,2019-06-16 19:29:49
4,SUP0004,Walker-Collins,847 Shannon Cape Suite 792,Suite 011,Foleychester,96720,Georgia,Guadeloupe,Dr. Steven Graham,635-808-1014,W-SUP0004,2004-01-17 11:07:39,2013-07-05 10:49:28
5,SUP0005,Davis Group,9407 Braun Mills Suite 802,Apt. 401,Hansenberg,36208,Illinois,Guinea,Amanda Johnson,(814)854-5201,DG-SUP0005,1978-08-30 07:34:20,2013-03-16 07:34:36
6,SUP0006,Martin PLC,243 Henry Station Suite 090,Suite 011,Smithview,48427,New York,Guadeloupe,James Mills MD,001-763-501-5416x14812,MP-SUP0006,2019-10-28 00:58:28,2019-12-28 10:23:09
7,SUP0007,Cooper-Wagner,5128 Michelle Mountain,Suite 051,West John,49665,Rhode Island,Thailand,Kevin Hayes,9353395705,C-SUP0007,1983-11-18 19:10:44,2013-11-15 05:52:03
8,SUP0008,Larsen Group,10220 Nichols Locks,Suite 118,East Alejandrohaven,62437,West Virginia,Netherlands Antilles,Susan Mack,(942)389-2787,LG-SUP0008,2008-12-14 05:23:16,2014-12-30 18:35:02
9,SUP0009,Andrews PLC,5367 Lane Plaza Apt. 636,Suite 998,New Tanyaburgh,70070,Arkansas,Belize,Cody Willis,(912)235-1576,AP-SUP0009,2008-12-02 02:58:17,2009-12-03 18:23:41
10,SUP0010,Thompson-Romero,61869 Houston Lights Apt. 378,Suite 554,Walkermouth,17126,New Jersey,Andorra,Christopher Smith,001-369-343-7773x094,T-SUP0010,2010-06-21 04:54:17,2021-05-23 09:52:25
11,SUP0011,"Palmer, Castaneda and Smith",00479 Nicholas Corners,Apt. 286,Belindatown,92486,Texas,Fiji,Raymond Rodriguez,981.436.8931,PCaS-SUP0011,2005-09-01 18:41:50,2024-05-21 09:51:08
12,SUP0012,"Hayes, Maldonado and Sparks",9244 Timothy Trace,Apt. 568,New Joeburgh,36385,Oregon,Dominica,Christopher Liu,236.959.9297,HMaS-SUP0012,2006-05-15 07:09:53,2014-02-16 23:42:16
13,SUP0013,"Ball, Jackson and Ramos",50225 Maureen River,Apt. 732,East Kimside,02360,Washington,Sudan,David Rose,+1-507-773-2823,BJaR-SUP0013,2016-05-29 18:55:23,2020-05-27 20:23:50
14,SUP0014,Holmes-Montgomery,1579 Dana Crest Suite 926,Apt. 890,New Phyllis,80788,Tennessee,Falkland Islands (Malvinas),Brian Bradley,317.364.0411x1245,H-SUP0014,1973-03-08 08:07:24,1991-09-08 02:48:07
15,SUP0015,Velasquez and Sons,37741 Andrew Extensions Apt. 583,Apt. 936,Port Robert,42289,New Mexico,Montenegro,Kayla Alvarado,(335)230-2857x869,VaS-SUP0015,2001-02-15 21:54:25,2010-01-20 20:42:06
16,SUP0016,Young LLC,321 John Roads,Apt. 743,West Ashley,20551,Nevada,British Virgin Islands,Jared Knight,(321)263-8282x0249,YL-SUP0016,2012-12-17 18:52:00,2013-03-19 16:36:51
17,SUP0017,"Davis, Williams and Franklin",50789 Rhodes Orchard,Apt. 382,Robinsonburgh,74755,Alabama,Zimbabwe,Brett Russo,001-200-763-8146x4893,DWaF-SUP0017,2014-01-28 13:18:30,2015-07-24 09:34:45
18,SUP0018,Martinez and Sons,38560 Evans Stream Suite 794,Suite 235,Julieside,09286,New Hampshire,Azerbaijan,Michael Edwards,882-538-2743x4410,MaS-SUP0018,1977-06-12 07:46:38,2012-06-12 03:15:35
19,SUP0019,Robinson LLC,99103 Wright Unions Apt. 064,Apt. 373,North Michaelland,71336,Illinois,Thailand,Steven Lopez,329.915.1156x8145,RL-SUP0019,1981-12-11 10:56:52,1993-08-30 21:29:15
20,SUP0020,"Wright, Kelly and Allen",982 Christina Shore,Suite 461,South Brett,51769,Arkansas,Dominican Republic,Eugene Gomez,+1-513-686-4663x19587,WKaA-SUP0020,2018-07-30 14:58:25,2022-02-11 01:44:13
21,SUP0021,"Webb, Gonzalez and Foster",502 Delacruz Cape,Apt. 758,Lake Elizabethbury,57344,Rhode Island,Libyan Arab Jamahiriya,Alexa Peterson,339-324-2246,WGaF-SUP0021,1981-01-09 17:56:05,1984-02-01 05:07:03
22,SUP0022,Mcknight LLC,906 Harrison Drive,Suite 482,Turnerland,37392,Montana,Bulgaria,Jane Stone,876.239.1548x945,ML-SUP0022,1983-02-04 15:07:18,2013-01-10 00:39:52
23,SUP0023,Burns Inc,970 Julie Ports,Apt. 707,Fishermouth,26955,South Dakota,Chile,Matthew May,(714)353-6151,BI-SUP0023,1971-12-17 10:19:48,2019-08-09 21:37:48
24,SUP0024,"Osborne, Wilkins and Walters",36921 Lori Center Suite 240,Suite 263,West Robertfurt,81842,Arkansas,Cote d'Ivoire,Adam Hayes,9243888881,OWaW-SUP0024,1990-04-19 08:24:57,1992-05-12 14:16:53
25,SUP0025,Barnes-Collins,094 Hernandez Center Suite 821,Suite 804,Lozanostad,60970,Utah,Sweden,Valerie Holmes,955-491-2854x520,B-SUP0025,2024-08-15 22:49:34,2024-08-22 10:13:02
26,SUP0026,"Hanson, Stewart and Kennedy",8537 Caleb Plains Apt. 325,Apt. 387,South Seanview,69319,Indiana,Djibouti,Miss Sara Henderson MD,001-524-356-9247x50833,HSaK-SUP0026,2015-04-02 21:55:43,2018-09-06 07:08:02
27,SUP0027,Cantu-Ayala,9862 Myers Underpass Suite 908,Suite 870,Justinberg,87215,Maryland,United States Minor Outlying Islands,Elizabeth Mccall,(568)741-8870x1814,C-SUP0027,2015-04-25 06:00:47,2019-12-11 17:16:51
28,SUP0028,"Johnson, Forbes and Larson",488 Judith Fords,Apt. 534,East Kenneth,68210,New Mexico,Macao,Evelyn Green,872.816.8240,JFaL-SUP0028,1979-10-13 22:50:55,1987-08-20 18:35:26
29,SUP0029,Oconnor-Patterson,386 Glover Bridge,Suite 463,Lake Theresafurt,07952,Maine,Portugal,Susan Yang,9829597840,O-SUP0029,1990-09-22 12:34:22,2021-03-30 15:41:54
30,SUP0030,Sanchez-Butler,118 Shirley Extension Suite 108,Apt. 863,Ronnieville,58869,Georgia,Burundi,Frank Wilson,877-562-1841x05167,S-SUP0030,2001-06-05 18:46:00,2020-07-02 04:06:07
31,SUP0031,Cameron Group,3635 Strong Port,Suite 603,Powellfort,62295,Michigan,Mongolia,Stephanie Contreras,(384)704-5987x704,CG-SUP0031,1979-01-08 00:12:39,2001-11-04 09:17:41
32,SUP0032,"Nguyen, Martin and Austin",73802 Chapman Dale,Suite 567,South Jamiefurt,64451,Alaska,Heard Island and McDonald Islands,Cheryl Nash,418.445.6795x8993,NMaA-SUP0032,1977-09-07 13:41:32,1998-09-24 19:52:06
33,SUP0033,Villarreal PLC,850 Anderson Groves Apt. 366,Apt. 330,Brennanland,58908,Nebraska,Guam,Lawrence Reese,866.797.7079,VP-SUP0033,2021-01-24 08:55:51,2022-04-03 09:15:04
34,SUP0034,"Fletcher, Rivas and Keller",6776 Joel Terrace Apt. 481,Apt. 695,Melendezchester,24120,Kentucky,Saint Pierre and Miquelon,Michael Lee,904.568.1125,FRaK-SUP0034,1981-11-05 00:18:40,1990-08-05 04:18:58
35,SUP0035,Mueller-White,90664 Richards Court,Apt. 395,Carolbury,79368,Maryland,Taiwan,Veronica Fitzgerald,852.915.2276x8773,M-SUP0035,1983-07-03 22:06:47,1995-07-23 14:36:17
36,SUP0036,"Fernandez, Sharp and Vazquez",2612 Whitney Overpass,Apt. 677,New Michaelview,07573,South Dakota,Lesotho,Jeremy Brown,474.840.2712x892,FSaV-SUP0036,1976-11-26 07:44:07,2009-11-08 04:05:15
37,SUP0037,Hatfield-Bush,62633 Sarah Ridges Suite 163,Apt. 651,Arnoldton,78044,North Dakota,Turks and Caicos Islands,Justin Moon,001-248-825-3878x77529,H-SUP0037,1979-11-23 22:03:44,2014-09-03 16:16:50
38,SUP0038,Johnson Inc,25878 Robinson Tunnel Suite 017,Apt. 297,Lake Timothytown,72673,Michigan,Ireland,Brendan White,486.776.8134,JI-SUP0038,2002-08-23 09:24:47,2024-07-02 16:42:40
39,SUP0039,Sanchez Inc,667 Vargas Avenue Apt. 669,Suite 787,New Brianport,92919,Pennsylvania,British Indian Ocean Territory (Chagos Archipelago),William Jenkins,(541)576-5948x1755,SI-SUP0039,1985-10-09 06:57:20,2002-08-25 23:28:08
40,SUP0040,Hill-Long,1468 Scott Extensions,Apt. 377,Douglaston,47454,Nebraska,Cook Islands,Melissa Orr,561-311-8811x28518,H-SUP0040,1994-01-25 01:15:23,2023-02-15 12:28:22
41,SUP0041,Brennan Inc,2219 Steven Mountains Suite 602,Suite 283,West Tiffanyhaven,22233,Iowa,Turkey,Sarah Lloyd,612-651-8439,BI-SUP0041,1970-05-05 04:12:12,1998-08-03 13:52:24
42,SUP0042,Ramirez-Hernandez,6245 William Streets Apt. 704,Apt. 647,Danielside,20278,New Hampshire,Armenia,Kevin Coleman,512-490-7995x28973,R-SUP0042,2000-06-28 10:38:04,2021-09-21 04:43:17
43,SUP0043,Brown Inc,291 Bridges Center Suite 484,Suite 190,Sydneytown,29602,Alaska,Australia,Michael Parrish,840.267.0231x1476,BI-SUP0043,2023-03-22 21:15:43,2024-04-07 17:26:44
44,SUP0044,Hill-Taylor,859 Spence Mission,Apt. 460,Andrewstown,05499,Hawaii,Spain,James Ortega,787-771-7784x82924,H-SUP0044,1983-07-08 18:18:01,2004-06-15 08:15:21
45,SUP0045,"Salazar, White and Proctor",207 Sherman Ramp Suite 672,Suite 843,Sierrabury,21034,Georgia,Macao,Brian Espinoza,(513)868-4277,SWaP-SUP0045,2005-04-15 16:16:26,2021-05-12 20:53:29
46,SUP0046,Williams Inc,33024 Hernandez Drive Suite 877,Suite 866,Adamhaven,01943,Oklahoma,Netherlands Antilles,James Phillips,(915)744-0904,WI-SUP0046,2008-05-07 22:40:45,2022-02-16 03:54:53
47,SUP0047,"Strickland, Johns and Lamb",77086 Robert Ports,Suite 803,Olsonview,67065,Kentucky,Belgium,Gregory Morrow,+1-234-542-4066x755,SJaL-SUP0047,1977-05-01 04:23:07,1989-10-10 12:07:09
48,SUP0048,Jenkins Group,2027 Hopkins Wall,Suite 825,New Vincent,03563,Maine,Czech Republic,Sharon Armstrong,001-992-893-2915,JG-SUP0048,2000-05-16 18:27:31,2021-10-07 02:36:33
49,SUP0049,Black-Weaver,977 Nguyen Fork Suite 893,Suite 632,Lake Keith,77048,Mississippi,Venezuela,Chad Moreno,886-750-5535x19123,B-SUP0049,2009-12-30 05:40:00,2019-07-14 06:28:02
50,SUP0050,Price-Elliott,42258 Hannah Cape,Suite 181,New Melanie,73902,Washington,Saint Barthelemy,Theodore Moreno,313-694-2654x781,P-SUP0050,2001-09-28 06:23:13,2010-03-16 07:40:58
51,SUP0051,"Wilson, Alvarez and Walsh",8681 Alexis Valleys Apt. 028,Suite 024,North Abigailview,67032,Pennsylvania,Pakistan,Caitlin Velasquez,588.616.7880,WAaW-SUP0051,2011-06-11 06:03:55,2020-08-30 01:12:32
52,SUP0052,"Mitchell, Harris and Garza",95517 Ronald Path,Suite 586,South Brianland,50640,Vermont,Mali,Heather Kelly DDS,8854575410,MHaG-SUP0052,1972-04-01 23:43:48,2006-03-27 01:11:31
53,SUP0053,"Dunlap, Cox and Pacheco",1008 Stephanie Station,Apt. 372,Port Jeffrey,86134,Delaware,Congo,Elizabeth Carter,227.556.9009,DCaP-SUP0053,1982-03-30 11:29:55,2017-12-29 13:59:55
54,SUP0054,Black LLC,29454 Thomas Cove Suite 929,Suite 765,Richardview,13050,Maine,Tajikistan,Brandon Fields,001-493-245-6216x4057,BL-SUP0054,2009-07-22 22:41:48,2013-05-28 16:21:48
55,SUP0055,Lutz-Henderson,036 Michael Corner,Apt. 314,South Josephchester,52781,Colorado,Burkina Faso,Mathew Yoder,350-465-6870x182,L-SUP0055,1982-03-03 02:52:40,1985-10-27 12:26:17
56,SUP0056,Jackson-Thornton,39462 White Greens Suite 544,Suite 784,Calebside,56996,Idaho,Swaziland,Aaron Jones MD,2485809081,J-SUP0056,1995-10-24 00:19:58,2023-08-30 11:46:38
57,SUP0057,Madden-Joseph,0615 Davis Street Suite 075,Apt. 537,Port Geraldmouth,71349,Kentucky,Seychelles,Tyrone Shepard,+1-974-950-0120x63767,M-SUP0057,1989-09-23 03:47:28,1991-09-14 09:54:55
58,SUP0058,"Richards, Glenn and Jones",9540 Trujillo Ford,Apt. 574,Port Donnaberg,07804,Montana,Faroe Islands,Alan Hawkins,4662997972,RGaJ-SUP0058,2024-03-23 11:52:51,2024-06-06 12:33:14
59,SUP0059,"Jones, Morales and Osborne",1004 Nancy Heights Suite 479,Apt. 799,Sullivanburgh,96544,Massachusetts,Niue,Susan Rocha,001-767-428-7970x73156,JMaO-SUP0059,2018-07-30 05:07:00,2019-08-21 21:48:57
60,SUP0060,"Jackson, Howard and Nelson",25928 Preston Drive Apt. 334,Suite 300,New Derekmouth,55358,Kansas,Panama,Megan Sutton,956-564-9392,JHaN-SUP0060,2015-09-26 01:59:54,2020-11-14 17:52:22
61,SUP0061,"Wilson, Rush and Alvarado",150 Morse Tunnel,Apt. 163,North Christopher,31486,Michigan,Faroe Islands,Anthony Bailey,001-357-708-6920x146,WRaA-SUP0061,1994-10-06 08:00:53,2015-07-19 09:31:48
62,SUP0062,"Jenkins, Hernandez and Lopez",895 Arthur Ramp,Suite 878,Andrewshire,99047,California,Croatia,Matthew Clark,819-921-6725x1396,JHaL-SUP0062,2007-08-20 11:41:58,2021-01-01 19:45:58
63,SUP0063,Larsen LLC,74298 Jennifer Ports Suite 637,Suite 481,North Maryside,29551,Utah,Macao,Jeffrey Lloyd,9507436303,LL-SUP0063,1986-01-31 13:37:23,1993-09-03 05:56:13
64,SUP0064,Johnson LLC,978 Miller Route Apt. 521,Suite 696,Port Deanna,02454,Kansas,Sierra Leone,David Kennedy,309-988-8776x408,JL-SUP0064,2014-07-09 09:22:00,2016-10-15 00:21:08
65,SUP0065,"Davis, Lee and Casey",948 Hodges Avenue Apt. 819,Suite 384,Sheenafort,44560,Oklahoma,Armenia,Amanda Rice,620-696-7640,DLaC-SUP0065,2009-05-06 13:10:32,2010-04-27 16:08:11
66,SUP0066,Bass PLC,6893 Hall Ranch Suite 537,Suite 637,Michaelville,93990,Maryland,Sierra Leone,Nicholas Fitzgerald,693.739.3581,BP-SUP0066,2018-04-26 19:05:17,2019-11-15 15:40:09
67,SUP0067,"Byrd, Washington and Lee",70603 Henderson Burg Apt. 921,Suite 499,East Kathystad,37352,Idaho,Iran,Amy Rocha,+1-892-658-1129x77796,BWaL-SUP0067,2015-05-11 00:44:41,2019-07-08 08:03:03
68,SUP0068,Adams-Castro,6194 Ronnie Fords,Suite 120,New Edgarfurt,85098,Louisiana,Ghana,Julia Gould,760.202.3559,A-SUP0068,1970-04-08 09:27:12,2004-04-07 02:06:00
69,SUP0069,"Hunt, Chang and Parker",37747 Cassandra Isle,Apt. 938,North Anthonyberg,60828,Washington,Nicaragua,Mike Soto,954.330.9400x04340,HCaP-SUP0069,1982-06-26 19:48:20,2006-09-24 12:58:43
70,SUP0070,"Mckenzie, Williams and Shepard",677 Tiffany Shores Suite 126,Apt. 630,Jennymouth,98931,Ohio,Dominica,Jacob Ross,483.573.2694,MWaS-SUP0070,1973-03-27 08:07:03,2020-12-16 14:29:54
71,SUP0071,Allen Ltd,205 Horton Summit,Apt. 903,West Brandy,42548,Minnesota,Sao Tome and Principe,Patricia Castro,297-964-3498,AL-SUP0071,2009-08-02 07:01:31,2020-01-16 17:55:34
72,SUP0072,"Moss, Harding and Sawyer",540 Lauren Cliffs Suite 851,Suite 560,Allisonside,88184,Minnesota,Indonesia,Renee Curtis,949.770.4377,MHaS-SUP0072,1998-03-24 07:51:58,2009-07-22 02:47:15
73,SUP0073,Allen LLC,4395 Soto Garden,Suite 703,New Joan,40750,Montana,Western Sahara,Emily Sanchez,245.707.6519x00906,AL-SUP0073,1987-01-01 16:29:16,1988-09-06 03:15:11
74,SUP0074,Blake PLC,0607 Brown Parks Apt. 042,Suite 254,Evanston,28147,Connecticut,Tuvalu,Rose Brown,6918135993,BP-SUP0074,1988-11-28 11:26:51,2009-11-30 11:28:33
75,SUP0075,Rodriguez Inc,722 Carlson Rue Suite 077,Apt. 692,Port Bryanton,68296,Alaska,Netherlands,Chad Gonzalez,(859)636-9871,RI-SUP0075,1983-10-19 13:19:03,1992-10-28 00:15:05
76,SUP0076,Mullen-Nelson,159 Hughes Inlet Suite 533,Suite 928,Riostown,58101,Mississippi,Saint Helena,Meredith Sexton,595-734-1332x213,M-SUP0076,1992-10-19 22:26:30,1997-12-30 12:25:41
77,SUP0077,Cox-Pope,629 Long Center Apt. 880,Apt. 670,South Linda,15981,South Dakota,Moldova,Brendan Jones,662-451-1202,C-SUP0077,2014-07-17 19:37:39,2021-03-13 09:54:23
78,SUP0078,Sawyer-Brown,06023 Nicole Isle Apt. 643,Suite 776,Port Mark,22591,Nevada,Jordan,Benjamin Bradley,(276)203-0598,S-SUP0078,2021-07-08 03:37:47,2023-09-07 13:57:58
79,SUP0079,Cuevas-Mitchell,901 Christina Points,Apt. 188,Rojasberg,22614,Oklahoma,Brunei Darussalam,Glenn Munoz,001-428-427-7724,C-SUP0079,1985-07-21 06:25:49,1986-06-26 23:01:22
80,SUP0080,Valdez Ltd,13241 Jessica Skyway,Suite 817,Monicaburgh,02806,Tennessee,Wallis and Futuna,Molly Hicks,968-533-3167,VL-SUP0080,1992-10-07 02:17:01,2008-01-08 18:16:59
81,SUP0081,Acosta Ltd,99341 Flores Orchard Apt. 868,Suite 211,Brandonshire,92165,Idaho,Dominican Republic,Amanda Mason,(622)987-0920,AL-SUP0081,1985-06-06 05:45:04,1990-10-05 17:14:25
82,SUP0082,Pena-Coleman,520 Smith Port,Suite 531,Nancyside,94637,New Jersey,Serbia,Anthony Thomas,+1-731-350-8625,P-SUP0082,2019-07-18 04:37:10,2019-08-08 13:03:41
83,SUP0083,Montoya and Sons,19973 Owens Fords Suite 777,Apt. 294,New Jonathanborough,81145,Massachusetts,Sweden,Ruth Smith,494-233-1510x7765,MaS-SUP0083,2001-04-13 19:11:23,2018-03-06 22:21:53
84,SUP0084,Gonzalez-Hughes,53271 Lucero Lights,Apt. 876,East Antonioton,84514,Maryland,Palestinian Territory,Sarah Hall,546.473.6248x481,G-SUP0084,2007-05-03 09:20:01,2008-09-16 04:14:06
85,SUP0085,"Morris, Sanchez and Bernard",2921 Green Meadows Suite 640,Suite 919,Port Stanleybury,77596,Massachusetts,Bosnia and Herzegovina,Jody Hughes,(605)469-2566,MSaB-SUP0085,1973-03-26 18:48:34,2013-11-21 14:34:55
86,SUP0086,Edwards-Hernandez,612 Hill Field Apt. 123,Apt. 064,New Josephland,85242,Nevada,Switzerland,Kimberly Gomez,001-543-488-0844x588,E-SUP0086,1988-10-27 11:04:26,1994-02-20 16:58:18
87,SUP0087,Walker-Rogers,6551 Jason Groves Apt. 311,Suite 430,West Nicole,19089,Louisiana,Ecuador,Jennifer Jackson,001-320-458-2269x111,W-SUP0087,1989-10-04 09:59:17,2004-02-29 20:42:45
88,SUP0088,Patel PLC,2232 Miller Station,Suite 446,Lake Jeanette,42730,Connecticut,Georgia,Chad Briggs,+1-209-639-9561x6620,PP-SUP0088,1980-10-20 22:36:44,2020-07-26 09:16:26
89,SUP0089,"Moore, Giles and Mendoza",102 Dwayne Streets,Suite 667,Victorchester,87636,New Hampshire,Cameroon,Anthony Johnson,+1-310-260-6316x45114,MGaM-SUP0089,1982-08-25 04:46:07,1997-06-11 10:05:16
90,SUP0090,Lee Inc,56792 Michael Port,Suite 467,North Jeffreyshire,17203,Massachusetts,Bermuda,Brian Evans,634.202.2623x05945,LI-SUP0090,2023-08-23 04:51:09,2024-07-11 11:13:00
91,SUP0091,Hopkins-Ewing,423 Donna Crest,Suite 203,Castroport,21110,West Virginia,Madagascar,Alexis Daniels,001-296-686-3480x494,H-SUP0091,2000-10-15 12:37:31,2020-10-11 22:26:31
92,SUP0092,Smith Ltd,62838 William Mall Apt. 862,Suite 062,South Elizabeth,71008,New Jersey,Isle of Man,Melissa Mcintyre,(825)764-3473x2532,SL-SUP0092,1977-02-27 10:50:34,1996-08-03 14:44:18
93,SUP0093,Bates-Cooper,893 Sanchez Brook Suite 616,Suite 643,Howardshire,50371,Alabama,Egypt,Andrew Morrow,001-802-231-7666x15540,B-SUP0093,2016-11-20 11:39:36,2021-07-25 17:29:55
94,SUP0094,Cole-Clark,045 Gary Rapid,Apt. 523,Port Juan,19800,New Mexico,Nepal,Raymond Bryant,(640)871-1587x167,C-SUP0094,2000-12-02 03:14:54,2017-09-30 09:04:50
95,SUP0095,"Frank, Wilson and Carpenter",943 Joseph Unions Suite 152,Apt. 039,West Elizabeth,23868,Washington,Taiwan,Tyler Ramos,(623)568-6554x384,FWaC-SUP0095,2019-10-10 11:59:09,2022-07-01 22:27:01
96,SUP0096,Gonzalez-Hernandez,56021 Roberts Park Suite 694,Suite 393,Hickstown,65476,New York,Slovenia,Matthew Rocha,238.990.3846x7962,G-SUP0096,1970-02-17 03:32:51,2013-02-01 02:23:53
97,SUP0097,Johnston-Smith,872 Davis Extension Apt. 437,Apt. 687,Eugeneberg,09242,Arizona,Paraguay,Andrea Brown,001-634-255-7880,J-SUP0097,1990-09-13 16:22:41,1997-09-20 19:34:32
98,SUP0098,"Castro, Garcia and Jennings",053 Mitchell Port,Apt. 738,Port Jennifer,94205,New York,Cuba,Kent Abbott Jr.,(816)723-3655x779,CGaJ-SUP0098,2005-01-14 15:38:59,2015-07-15 09:12:23
99,SUP0099,"Ramirez, Blair and Leon",689 Randolph Mission,Suite 744,Philipshire,70325,Tennessee,Dominican Republic,Michael Davis,(463)405-1595x3169,RBaL-SUP0099,1984-12-31 21:24:50,1999-02-23 11:00:47
100,SUP0100,"Bowman, Chandler and Robertson",530 Edward Point Apt. 414,Suite 387,South Anthony,05380,Colorado,Niger,Noah Henderson,+1-853-644-3877x583,BCaR-SUP0100,1974-03-10 05:03:28,1974-07-12 22:05:49
101,SUP0101,"Brewer, Miller and Andrews",015 Michael Shoals,Apt. 366,Normaview,62799,Ohio,Greece,Deborah Miller,902-758-6024x40342,BMaA-SUP0101,1982-08-23 21:27:26,2005-06-16 13:50:08
102,SUP0102,Clark Group,4133 Kylie Mountains,Apt. 273,East Christinastad,33448,Ohio,Korea,Wanda Blackwell,001-659-837-0681,CG-SUP0102,1994-07-31 15:20:39,2010-02-11 17:57:08
103,SUP0103,Gay-Andrade,700 Murphy Village Apt. 994,Suite 137,Shepardshire,15376,California,Norfolk Island,Denise Spencer,(678)681-2465,G-SUP0103,2006-09-24 03:00:16,2012-09-12 01:49:12
104,SUP0104,"Rios, Blanchard and Mason",2336 Allen Extensions,Suite 976,Jeremybury,01198,Washington,Hong Kong,Shelia Moyer,(915)543-1561x9310,RBaM-SUP0104,1976-07-09 22:24:16,1988-09-06 17:27:40
105,SUP0105,Smith LLC,09885 Clayton Corners,Suite 280,Port Cindyland,45613,Missouri,Egypt,Jennifer Evans,804-691-4030x979,SL-SUP0105,2011-09-21 23:34:59,2014-02-22 11:40:33
106,SUP0106,Armstrong-Santiago,9683 Lopez Ranch,Suite 875,Christopherland,43825,Washington,Kyrgyz Republic,Mr. Andrew Coleman,3384971008,A-SUP0106,2006-12-30 05:09:21,2013-04-18 15:22:21
107,SUP0107,"Trujillo, Bailey and Navarro",95605 Ryan Dale,Suite 142,North Bobby,98252,Arkansas,Christmas Island,Michele Gonzalez,903.811.0927x382,TBaN-SUP0107,1990-07-29 13:34:31,2005-01-11 03:47:02
108,SUP0108,Martinez-Williams,3915 Catherine Ridge,Apt. 704,West Joshuaburgh,25862,Illinois,Faroe Islands,Jim Yang,6862648299,M-SUP0108,2008-11-22 01:11:59,2014-06-16 16:02:29
109,SUP0109,"Rodriguez, Horton and Baker",000 Willie Plains,Suite 770,North Annechester,67192,North Dakota,Zimbabwe,Samuel Smith,+1-540-983-5850x3870,RHaB-SUP0109,1970-02-27 22:18:54,1986-01-21 06:25:44
110,SUP0110,Buckley-Stone,736 Cummings Tunnel Suite 138,Suite 016,South Andrea,27041,Colorado,Tanzania,Holly Nelson,(530)588-2623x9590,B-SUP0110,1976-04-26 20:48:51,1995-10-26 00:16:38
111,SUP0111,Combs LLC,414 Reese View,Suite 455,Traciton,28141,Maryland,Guadeloupe,Ashley Craig,(769)576-0807x208,CL-SUP0111,2023-11-16 01:08:41,2023-12-26 06:01:52
112,SUP0112,Chang LLC,65835 Crystal Turnpike Suite 043,Suite 550,Andrewtown,53187,Alaska,Bahamas,Morgan Carpenter,+1-972-829-2944x24924,CL-SUP0112,2021-05-08 03:52:18,2023-06-17 00:47:29
113,SUP0113,"Richard, Hutchinson and Stephenson",404 Carly Camp Apt. 464,Apt. 458,Samanthaton,89848,Minnesota,Bouvet Island (Bouvetoya),Douglas Dennis,275-626-5822x91217,RHaS-SUP0113,2013-02-12 21:42:04,2017-07-04 06:19:07
114,SUP0114,Lewis and Sons,13788 Robinson Pine,Suite 215,New Larrymouth,28137,Nebraska,Fiji,Brian West,001-269-823-2990,LaS-SUP0114,1970-08-04 15:47:51,2018-03-20 15:03:06
115,SUP0115,Carlson Ltd,3779 Porter Villages,Suite 186,Belindahaven,34572,New Mexico,Fiji,Jacob Smith,3838912243,CL-SUP0115,2020-10-22 10:36:36,2021-04-04 10:01:19
116,SUP0116,Brown Ltd,86769 Ayers Station Suite 732,Suite 043,Thomasberg,36507,Nebraska,Samoa,Christie Padilla,(244)902-6175x79976,BL-SUP0116,2003-02-27 10:08:04,2017-07-08 12:41:09
117,SUP0117,Olson-Potts,838 Valdez Station,Suite 429,Christopherhaven,29997,North Carolina,Nauru,Rebecca Spears,303-617-6519,O-SUP0117,2021-01-24 05:19:07,2023-11-16 05:01:32
118,SUP0118,"Taylor, Jackson and Jennings",6939 James Burgs,Apt. 896,East Karen,49745,Alabama,Libyan Arab Jamahiriya,Maria Brown,646-260-6941,TJaJ-SUP0118,2024-06-16 22:04:44,2024-07-27 01:08:03
119,SUP0119,"Villanueva, Lutz and Warren",27294 Megan Rest,Apt. 486,North Miguel,66672,New Hampshire,Burundi,Denise Dickerson,459.539.7874x837,VLaW-SUP0119,2002-08-08 03:34:43,2014-05-13 12:20:28
120,SUP0120,"Hansen, Roberts and Walls",76707 Knight Fords,Suite 995,Wintersport,78888,Iowa,Romania,Tammy Carr,998-662-2563,HRaW-SUP0120,2023-05-11 19:24:11,2024-03-05 04:33:18
121,SUP0121,Romero-Cook,2729 Adam Haven,Apt. 432,Lake Dawn,20545,Wyoming,United States Virgin Islands,Teresa Graham,001-611-867-0573x0589,R-SUP0121,2006-04-20 19:10:53,2016-12-19 07:54:08
122,SUP0122,Valencia Inc,620 Johnson Forest,Suite 818,Rodriguezview,23733,Nebraska,Colombia,Rachel Brown,001-934-276-8555x114,VI-SUP0122,1975-10-14 15:35:12,1997-05-08 15:21:42
123,SUP0123,Cook-Oconnor,3120 Hubbard Alley,Suite 683,Port Tom,83409,Mississippi,Latvia,Lisa Lamb,(496)570-4007x43483,C-SUP0123,1974-02-01 05:45:20,1980-02-26 11:33:22
124,SUP0124,Morgan Inc,3731 Cardenas Meadow,Apt. 275,Travisfort,48864,Ohio,United States Minor Outlying Islands,Shelby Rodriguez,(388)508-1579x5716,MI-SUP0124,1973-04-27 11:16:30,2017-02-22 09:44:25
125,SUP0125,Robinson-Moody,10142 Andrew Station Suite 881,Apt. 785,Fitzgeraldport,41340,Kansas,Solomon Islands,William Allen,3388057948,R-SUP0125,2016-01-06 22:41:14,2022-06-16 02:48:30
126,SUP0126,Mcgrath Group,5465 Melissa Forest Suite 925,Apt. 658,Dennisstad,82008,California,Singapore,Charles Griffin,001-215-358-0185x5334,MG-SUP0126,2011-01-04 02:01:36,2021-11-09 09:59:00
127,SUP0127,Hughes PLC,38401 Jacob Stream,Suite 125,Briannafort,53328,Indiana,Svalbard & Jan Mayen Islands,Kent Ray,001-696-425-9435,HP-SUP0127,1997-04-04 03:58:23,2002-04-15 04:41:41
128,SUP0128,Gray-Brown,9436 Smith Greens,Apt. 380,Seanburgh,83034,Massachusetts,Guernsey,Alicia Elliott,895-728-7970x4284,G-SUP0128,2013-05-29 15:46:28,2020-07-01 09:34:10
129,SUP0129,"May, Rivers and Smith",7303 Julie Roads Suite 398,Suite 579,Billyborough,71091,Alaska,Maldives,Jessica Elliott,512.200.6475x120,MRaS-SUP0129,1978-05-19 02:44:54,2007-02-16 16:19:20
130,SUP0130,Lamb-Dougherty,0077 Kathleen Lodge,Suite 808,West Lorimouth,21082,Florida,Czech Republic,Kayla Pacheco,(289)365-8152x1014,L-SUP0130,1986-07-02 20:23:35,2024-02-08 12:47:23
131,SUP0131,Harvey Inc,56279 Terrence Spurs,Apt. 004,Tonyland,15924,Wisconsin,Belarus,Jacqueline Mann,941-250-1533x310,HI-SUP0131,1992-09-02 21:28:23,1994-01-01 01:43:46
132,SUP0132,Thompson-Moore,223 Williams Garden Suite 447,Apt. 326,Port Laura,91359,Hawaii,Canada,Erin Jimenez,3992802075,T-SUP0132,1993-11-09 18:38:05,1995-07-16 23:30:10
133,SUP0133,"Davis, Cross and Wiley",302 Taylor Spurs Suite 626,Suite 765,West Benjamin,22430,South Carolina,Gabon,Mary Lawson,796.800.0931x4604,DCaW-SUP0133,2016-01-28 11:47:21,2019-04-20 05:11:05
134,SUP0134,Baker-Graham,928 Mcdaniel Trail,Apt. 737,South Jillstad,69784,Alaska,Turks and Caicos Islands,Mark Williams,+1-924-746-9652x929,B-SUP0134,2013-09-17 05:43:54,2019-04-22 06:05:01
135,SUP0135,"Pearson, Watson and Hansen",00728 Morgan Locks Suite 757,Suite 886,New Maryview,57703,Utah,Syrian Arab Republic,Mark Brown,(645)722-4075,PWaH-SUP0135,2009-12-03 14:58:43,2020-05-26 06:02:48
136,SUP0136,Howard-Wilson,83897 Contreras Brook Suite 873,Apt. 733,South Veronica,56406,Hawaii,Tanzania,Andrew Ochoa,001-322-404-0113x4952,H-SUP0136,2013-01-27 18:59:26,2022-07-10 09:31:29
137,SUP0137,Sweeney-Morgan,29689 Middleton Crescent,Apt. 559,Port Feliciaberg,43668,West Virginia,Slovenia,Andrew Gardner,+1-840-949-9833x637,S-SUP0137,1980-08-31 17:08:32,1980-11-02 05:07:16
138,SUP0138,Anderson-Elliott,7587 Walsh Expressway Apt. 458,Suite 203,Port Dylan,45371,North Dakota,Cameroon,Jeffrey Gonzalez,722.774.0106x5126,A-SUP0138,1973-05-27 04:23:54,1975-04-26 12:48:03
139,SUP0139,"Logan, Jenkins and Sullivan",487 Johnson Wall,Suite 218,Williamshaven,95516,Indiana,Serbia,Thomas Mills,+1-990-421-5559x481,LJaS-SUP0139,2001-08-21 10:31:34,2012-03-26 13:01:23
140,SUP0140,"Hall, Keith and Peterson",126 Larry Terrace,Apt. 199,South Eric,43254,New Mexico,United Arab Emirates,Christopher Benson,510.615.7281x231,HKaP-SUP0140,2012-10-20 06:55:47,2019-03-17 01:56:34
141,SUP0141,Cochran PLC,2416 Nancy Fords Apt. 018,Apt. 450,Anthonyburgh,58873,Idaho,Finland,Kevin Gonzalez,(372)443-0829,CP-SUP0141,1991-11-08 16:45:49,1998-04-16 22:48:46
142,SUP0142,Moore-Carter,600 John Estate Apt. 032,Apt. 498,Lewismouth,95164,Utah,Pakistan,Alejandra Smith,906.963.2649,M-SUP0142,2021-09-25 08:09:42,2022-05-22 11:23:02
143,SUP0143,Todd and Sons,22164 Donna Drive,Suite 844,Lake Jasminemouth,25170,New Mexico,France,John Adkins,695-863-6387,TaS-SUP0143,1990-12-06 19:20:25,2016-03-20 12:49:12
144,SUP0144,Jackson-Butler,930 Julie Junctions,Apt. 432,Davisberg,25904,Arizona,Indonesia,Holly Barry,+1-667-596-2139x779,J-SUP0144,1980-07-14 01:20:41,1994-01-06 20:22:32
145,SUP0145,Brown Inc,31228 Emily Villages Apt. 940,Apt. 042,Seanborough,91115,North Carolina,Mozambique,Kenneth Cohen,001-761-374-0459x07195,BI-SUP0145,1989-08-27 16:06:59,2001-04-09 20:12:24
146,SUP0146,"Baker, Baker and Mercer",40405 Brandy Rue Apt. 429,Suite 898,North Sabrina,20446,South Carolina,Mongolia,Tiffany Walker,+1-550-425-4322x9258,BBaM-SUP0146,2014-01-07 16:13:11,2016-06-23 02:27:40
147,SUP0147,Wallace Ltd,303 Allison Mall,Apt. 451,East Jessica,11105,Montana,Israel,Melissa Delgado,768-435-3025,WL-SUP0147,2012-06-04 19:18:42,2014-04-02 18:11:19
148,SUP0148,Warren PLC,15431 Cooper Land,Apt. 088,Lake Jamesburgh,79936,Ohio,Turks and Caicos Islands,Elizabeth Harrison,524-496-4635x76707,WP-SUP0148,1986-01-08 07:45:53,2019-08-02 17:29:54
149,SUP0149,Cox-Smith,4986 Tina Drive Apt. 761,Suite 528,North Kristin,70010,Louisiana,Grenada,Meredith Jones,001-397-708-5948x080,C-SUP0149,1986-06-18 01:13:02,2019-03-31 06:27:02
150,SUP0150,Combs-Patterson,644 Amanda Port Apt. 975,Apt. 747,New Darryltown,33793,Colorado,Brunei Darussalam,Hannah Chung,354-562-8676x380,C-SUP0150,1980-04-20 20:54:43,2013-11-13 09:08:36
151,SUP0151,Thornton and Sons,54910 Emily Lock Apt. 581,Apt. 180,East Suzanneburgh,28619,South Dakota,Comoros,Jamie Quinn,555-276-2813x51147,TaS-SUP0151,1979-12-04 22:06:04,2007-11-29 04:08:56
152,SUP0152,Lambert-Edwards,91342 Alvarado Inlet,Apt. 995,Lake Roseburgh,19480,Minnesota,New Zealand,Kelly Jones,324-707-7869,L-SUP0152,1999-09-18 05:11:52,2005-04-16 08:14:57
153,SUP0153,"Carlson, Marshall and Morgan",168 Pennington Circle,Apt. 690,New Heatherbury,31875,Maine,Brazil,Robert Rosario,774.291.9180,CMaM-SUP0153,2010-03-17 22:14:47,2015-05-09 07:28:15
154,SUP0154,"Miller, Fields and Kemp",623 Goodwin Squares Suite 702,Suite 493,Woodsmouth,95005,Delaware,Belize,Joel Perkins,(554)714-6460,MFaK-SUP0154,2017-03-26 16:34:19,2023-09-13 09:08:21
155,SUP0155,Knight Group,144 Martinez Light Suite 173,Apt. 734,East Collinmouth,77685,Idaho,Sweden,Caitlin Baker,+1-492-686-3324,KG-SUP0155,2024-06-17 19:22:20,2024-07-08 00:27:11
156,SUP0156,Hamilton PLC,3879 Jared Ville,Apt. 176,Ashleychester,23848,Delaware,Swaziland,Mr. Michael Brown Jr.,355-968-5858x25518,HP-SUP0156,1975-03-30 21:32:33,1984-11-25 12:41:51
157,SUP0157,"Nguyen, Pitts and Lambert",9455 Christopher Burg,Suite 740,North Davidside,42654,Maryland,Vanuatu,Craig Walker,001-492-825-4117x17561,NPaL-SUP0157,1986-03-01 15:15:28,1992-08-05 01:53:40
158,SUP0158,Rodgers-Rocha,39153 Kendra Hollow,Apt. 940,East Davidfort,48941,Utah,Nauru,Julie Rivera,979-792-6677,R-SUP0158,1976-08-12 21:48:19,2016-01-03 15:51:07
159,SUP0159,Sanchez Ltd,715 David Street Suite 028,Apt. 446,Williamsborough,46803,California,Pakistan,Allison Alvarez,510-585-3745,SL-SUP0159,2018-01-11 18:06:11,2023-08-14 09:56:59
160,SUP0160,Stewart Ltd,734 Brittany Pine Suite 619,Apt. 879,North Carl,74035,Indiana,Bouvet Island (Bouvetoya),Michael Miller,+1-447-948-0676,SL-SUP0160,1984-05-26 01:21:44,2022-12-06 00:36:43
161,SUP0161,"Hess, Baker and Allen",69557 Franco Tunnel Apt. 634,Apt. 043,South Luke,02145,Nevada,Vanuatu,Michael Moore DDS,696-393-2910,HBaA-SUP0161,2020-02-16 16:37:29,2021-04-08 01:04:05
162,SUP0162,"Martin, Walker and Dunn",11103 Kelly Pine,Suite 680,New Timothymouth,33853,Alabama,Cuba,Zachary Johnston,2249096978,MWaD-SUP0162,1976-06-28 22:36:42,1986-03-26 14:56:27
163,SUP0163,"Barton, Schroeder and Noble",226 Baker Glens,Apt. 133,Rojasland,76223,Kansas,Heard Island and McDonald Islands,Alex Love,458.654.9235x66097,BSaN-SUP0163,2017-12-07 06:49:08,2019-11-02 03:30:54
164,SUP0164,Hamilton-Owens,86503 Steven Fort,Apt. 083,New Meganmouth,67757,Arizona,Uganda,Carol Bishop,+1-239-436-1398x6168,H-SUP0164,2005-10-11 11:06:49,2014-09-27 18:05:29
165,SUP0165,Valdez LLC,415 Prince Cove,Apt. 320,Michaelside,60852,Wisconsin,Guam,Jessica Cooper,947.600.2318,VL-SUP0165,1999-02-13 08:06:14,2009-10-10 15:30:56
166,SUP0166,"Alexander, Jackson and Rosales",15565 Stephanie Common Suite 278,Suite 811,New Jennifermouth,35214,Louisiana,Togo,Crystal Chase,+1-538-430-7204x86988,AJaR-SUP0166,1994-12-07 18:00:25,2001-08-17 20:09:17
167,SUP0167,Sanchez Group,380 Shelley Mount,Suite 617,Davidstad,41460,Wisconsin,Canada,Jennifer Roy,(450)308-3776x801,SG-SUP0167,2005-12-23 21:52:51,2021-04-05 02:17:41
168,SUP0168,Smith-Yoder,16707 Reynolds Fall,Suite 621,East Joel,80737,Indiana,India,Miranda Martinez,2548846054,S-SUP0168,2010-10-01 00:13:15,2015-11-13 23:27:30
169,SUP0169,"Collins, Rodgers and Crawford",54926 Denise Village,Apt. 278,Gallowayshire,58362,California,Uruguay,Joseph Thomas,573-802-9818,CRaC-SUP0169,1994-05-22 06:01:24,1998-02-05 01:17:53
170,SUP0170,Rodriguez Group,166 Carter Streets Suite 488,Apt. 037,Kristenshire,24557,New Jersey,Afghanistan,Rebecca Morales,747-501-5863x18527,RG-SUP0170,2012-07-16 07:51:10,2019-05-06 12:02:31
171,SUP0171,Morrison-Williams,1281 Douglas Garden,Suite 272,West Christianmouth,32612,New Jersey,Lithuania,Jacob Baker,+1-539-366-7988x4935,M-SUP0171,2023-11-17 12:40:29,2024-07-23 13:06:59
172,SUP0172,Santana Group,9349 James Village Apt. 223,Apt. 192,Foleychester,73462,Texas,Dominica,Johnny Randolph,(875)414-8044x3883,SG-SUP0172,2019-03-08 23:39:38,2019-06-16 13:50:30
173,SUP0173,"Garcia, Johnson and Saunders",887 Rebecca Lodge,Suite 555,West Vanessa,06301,Oklahoma,Seychelles,Tanya Franklin,+1-888-955-1995x48879,GJaS-SUP0173,2000-03-29 05:00:01,2022-09-23 18:26:22
174,SUP0174,Terrell and Sons,77785 Bryan River,Suite 279,Bethport,19721,Washington,Lithuania,Scott Wilson,001-310-672-5317x35583,TaS-SUP0174,1981-06-25 17:47:11,1995-12-25 06:45:57
175,SUP0175,"Griffin, Guzman and Jimenez",220 Rodriguez Meadows,Suite 198,Port Sandraport,99645,Connecticut,Holy See (Vatican City State),Paul Zamora,6175358195,GGaJ-SUP0175,1996-06-07 23:45:35,2024-07-20 17:03:43
176,SUP0176,Carr-Nunez,114 Courtney Burgs,Apt. 140,South Peter,78510,Tennessee,Cocos (Keeling) Islands,Christopher Hernandez,(589)999-8463x102,C-SUP0176,2017-01-26 06:31:55,2021-07-14 22:50:18
177,SUP0177,Tran-Brown,9817 Joshua Run Suite 827,Suite 134,South Kelly,80737,New Jersey,Iran,Willie Leach,5554040721,T-SUP0177,1972-10-28 14:43:56,1980-06-06 19:54:58
178,SUP0178,Hoffman Group,5079 Brandi Village,Apt. 904,East Jacob,85016,Tennessee,Belize,Amy Williams DVM,001-283-284-6880x54733,HG-SUP0178,1985-11-20 07:40:15,2008-12-10 15:29:09
179,SUP0179,"Mills, Miller and Wright",965 Gardner Squares Apt. 729,Suite 975,Mayburgh,47711,Delaware,Morocco,Mr. George Mcdonald IV,817-284-3061x049,MMaW-SUP0179,2020-01-26 02:21:52,2022-05-05 00:29:03
180,SUP0180,"Wise, Buchanan and Hill",8550 Jason Parkway Suite 150,Suite 103,North Nicole,57595,Nebraska,Equatorial Guinea,Billy Mcdonald,+1-891-963-1522x2800,WBaH-SUP0180,2002-05-10 02:49:05,2014-09-21 16:37:41
181,SUP0181,"Miller, Wilson and Lee",7807 Tiffany Loaf Suite 481,Suite 464,Marymouth,26668,Texas,Zimbabwe,Clinton Thomas,5707429787,MWaL-SUP0181,2005-05-31 21:33:57,2007-02-23 16:00:40
182,SUP0182,"Chapman, Kline and Mendoza",52496 Cynthia Freeway,Apt. 174,Kellyburgh,68881,Texas,Wallis and Futuna,Michael Ball,281-867-3632x405,CKaM-SUP0182,1985-05-27 02:50:03,1988-08-04 04:46:25
183,SUP0183,"Williams, Howard and Estes",00671 Patricia Mills Apt. 803,Apt. 524,Amyburgh,75332,Nebraska,Saint Pierre and Miquelon,Daniel Mclean,2295574754,WHaE-SUP0183,1995-12-18 12:58:57,2009-03-20 06:40:02
184,SUP0184,Ward Ltd,37999 Tracey Trace Suite 297,Apt. 725,Port Justinbury,07128,Indiana,Pakistan,Tammie Long,(762)702-2573x778,WL-SUP0184,1985-11-02 08:54:46,2018-05-14 06:57:41
185,SUP0185,Castro PLC,066 Michael Locks Apt. 212,Apt. 653,Michelleville,99154,Montana,Kenya,Max Gray,880.507.1851,CP-SUP0185,1983-05-23 04:18:24,2018-11-06 07:55:23
186,SUP0186,Spencer Inc,766 Stevens Prairie,Apt. 889,Port Andrew,84272,Massachusetts,Taiwan,Emily Jones,4849037059,SI-SUP0186,1985-05-01 10:58:26,2018-06-28 22:48:40
187,SUP0187,Howard PLC,6414 Martin Loaf Apt. 004,Suite 615,Lake Brandonview,99044,Alabama,Korea,Amanda Brown,854.923.4422,HP-SUP0187,1998-03-09 17:22:07,2008-05-18 17:43:31
188,SUP0188,George-Taylor,959 Acosta Tunnel,Apt. 177,South Cherylshire,80422,Maryland,China,Lauren Riley,+1-596-654-6183x26741,G-SUP0188,2019-03-18 15:14:50,2022-06-03 14:54:44
189,SUP0189,"Moore, Washington and Brooks",067 Miller Springs,Suite 027,Perryberg,84923,Tennessee,Saint Pierre and Miquelon,Kelsey Fowler,001-975-205-9013,MWaB-SUP0189,1977-02-19 16:07:38,2022-08-26 09:31:50
190,SUP0190,Kelley LLC,7755 Kenneth Motorway,Apt. 423,Shahbury,22387,Delaware,Ireland,Monica Gutierrez MD,+1-996-544-2064x5904,KL-SUP0190,2023-03-11 03:40:44,2023-04-22 16:00:50
191,SUP0191,Zhang and Sons,931 Michael Camp Apt. 419,Apt. 777,Lake Hannah,93634,Kansas,Colombia,Brandon Hamilton,(285)940-0794,ZaS-SUP0191,2001-01-03 04:08:36,2002-01-01 07:11:09
192,SUP0192,Roman and Sons,084 Timothy Grove,Suite 472,Benjaminview,66136,California,Bangladesh,Joshua Morris,925-341-7836x689,RaS-SUP0192,1972-09-12 23:28:47,1976-08-05 10:14:10
193,SUP0193,"Dunn, Robinson and Davies",468 Kenneth Corners,Suite 944,Michaelmouth,45863,Connecticut,Gambia,Steven Carrillo,+1-472-611-5542x1829,DRaD-SUP0193,2017-09-08 13:30:14,2023-12-04 11:43:27
194,SUP0194,"Roberson, Murray and Smith",1946 Mitchell Mill,Apt. 330,Anthonyport,73397,Wisconsin,Uruguay,Brianna Martinez,(362)617-4639,RMaS-SUP0194,1993-12-08 22:48:59,2002-08-02 13:35:41
195,SUP0195,Jordan-Williams,2960 Carrie Landing Apt. 037,Suite 508,New Joshuaville,54852,Wisconsin,Ethiopia,Danielle White,668.340.5227,J-SUP0195,1978-07-25 21:25:24,2006-09-16 01:03:33
196,SUP0196,Garcia-Lyons,59955 Michael Mill,Apt. 939,South Sarahchester,69997,Texas,Guadeloupe,Edward Martin,001-803-795-4210x83997,G-SUP0196,1977-02-26 23:06:33,2015-04-23 13:48:00
197,SUP0197,"Combs, Erickson and Robles",00106 Wayne Estate Suite 242,Suite 231,North Brittanyview,61830,Nebraska,Estonia,Angela Copeland,363.756.0200x56974,CEaR-SUP0197,2015-06-13 19:45:24,2018-04-06 20:44:45
198,SUP0198,"Saunders, Smith and Washington",3427 Kimberly Road Suite 794,Suite 161,Kennethfurt,89181,Montana,United Arab Emirates,Lisa Clark,307.748.2709x05542,SSaW-SUP0198,2001-09-15 03:32:44,2011-05-28 06:25:35
199,SUP0199,Johnson-Kidd,491 Tammy Ferry,Suite 012,East Thomas,82131,Minnesota,Cambodia,Gabrielle Bowman,+1-410-874-6868x628,J-SUP0199,2017-08-30 18:31:24,2024-03-21 10:44:32
200,SUP0200,Roberts PLC,3401 Berg Ville,Apt. 075,Mariaside,93786,Minnesota,Kuwait,Jeremy Chan,(371)227-5694,RP-SUP0200,2021-08-18 10:20:12,2023-07-01 16:27:31
201,SUP0201,Johnson Group,839 Shawn Avenue,Apt. 477,North Patrick,86501,Texas,Saint Pierre and Miquelon,Evan Wolf,(869)828-2862x62101,JG-SUP0201,1970-03-31 21:39:34,2017-06-15 21:58:52
202,SUP0202,"Reed, Brown and Richard",51732 Megan Ramp,Suite 033,New Kathleenland,60996,Colorado,Kazakhstan,Dawn Garcia,796-578-1648x616,RBaR-SUP0202,1995-07-25 10:09:39,2019-11-12 19:14:39
203,SUP0203,Christensen Ltd,074 Lauren Falls,Suite 560,Barnesstad,69239,New Jersey,Brazil,Nathaniel Bolton,001-391-934-9596x8698,CL-SUP0203,1975-03-07 21:40:01,2004-03-03 05:33:28
204,SUP0204,Lewis-Love,556 Wendy Tunnel Suite 510,Apt. 689,West Howardbury,21088,Nevada,Luxembourg,Daniel Gonzales,001-808-943-5965x93882,L-SUP0204,1996-12-04 01:49:02,2014-10-09 15:38:18
205,SUP0205,"Herring, Duncan and Buchanan",14710 Brown Stream Suite 658,Suite 484,North Stephenmouth,16503,Minnesota,Togo,Megan Lucas,828.583.4589x74022,HDaB-SUP0205,2019-08-29 09:26:27,2019-11-09 02:19:40
206,SUP0206,Russo-Hamilton,008 Christina Corner,Suite 361,Erikaview,50698,Nebraska,United Arab Emirates,Stephanie Fitzpatrick,(736)247-3543x556,R-SUP0206,1977-10-23 08:02:20,2003-10-02 17:44:09
207,SUP0207,Holden-Browning,5310 Jason Rue,Suite 565,East Roger,24846,North Carolina,Eritrea,James Mckinney,(905)722-1927x2640,H-SUP0207,2001-01-11 01:55:46,2015-11-06 04:14:19
208,SUP0208,"Moreno, Young and Patel",67996 Green Estates Apt. 285,Apt. 529,North Hannah,11280,Utah,Korea,Nicholas Shah,456.369.1948x9384,MYaP-SUP0208,1977-04-07 04:25:51,1995-09-08 11:38:58
209,SUP0209,"Carrillo, Torres and Alexander",5739 Hayes Spring Suite 648,Apt. 671,Port Christine,83683,Virginia,Saint Pierre and Miquelon,Nicole King,260-744-3306x49300,CTaA-SUP0209,2022-10-14 16:11:39,2023-06-28 14:27:24
210,SUP0210,"Rodriguez, Rivera and Simmons",50854 Robert Mount,Suite 497,West April,25338,Georgia,Greenland,Kyle Neal,+1-889-601-1732,RRaS-SUP0210,1970-10-16 06:16:03,1991-11-12 08:22:15
211,SUP0211,Short-Davis,66283 Jeffrey Cape Apt. 253,Apt. 281,East Cassandra,84470,Florida,Peru,Susan Perry,630-335-3712x09610,S-SUP0211,2013-12-13 03:57:33,2018-06-24 22:14:10
212,SUP0212,Figueroa Ltd,205 Carroll Shores,Apt. 205,North John,34565,Alaska,Netherlands Antilles,Brenda Lambert,(810)845-6943,FL-SUP0212,1971-01-26 18:13:10,1972-01-24 12:59:27
213,SUP0213,"Curry, Kelly and Ramirez",4074 Alexandria Passage,Suite 514,New Michelleshire,89894,New Mexico,Tajikistan,Edwin Taylor,001-306-484-2811,CKaR-SUP0213,2015-08-24 18:31:49,2020-07-22 17:07:48
214,SUP0214,Scott-Olson,8470 Maria Pass,Suite 544,Port Briannashire,33179,Virginia,Qatar,Crystal Martin,984-882-2548,S-SUP0214,1984-05-05 14:08:20,2008-01-13 09:15:37
215,SUP0215,Thomas-Johnson,7092 David Avenue,Apt. 266,South Ericstad,64361,Michigan,Sierra Leone,John Chavez,+1-656-598-7360x3633,T-SUP0215,2010-04-04 11:54:49,2015-07-21 00:51:43
216,SUP0216,"Williams, Miller and Ferguson",0155 Randolph Hills Suite 967,Apt. 889,West Kaylaland,49798,Michigan,Colombia,Beth Torres,494-305-6445,WMaF-SUP0216,1984-08-24 07:05:43,2001-11-16 00:17:58
217,SUP0217,Pearson Group,079 Jensen Greens,Apt. 057,Port Joannestad,30024,Louisiana,American Samoa,Jessica Hanson,001-382-513-0189x9938,PG-SUP0217,1989-06-14 10:25:34,2009-02-11 18:33:21
218,SUP0218,"Ashley, Russell and Luna",5955 Brandon Islands Apt. 657,Apt. 851,Manningstad,21364,North Dakota,Andorra,Dakota Jones,+1-674-370-0728x785,ARaL-SUP0218,2001-01-01 10:57:15,2023-10-02 10:48:41
219,SUP0219,Hernandez Group,5032 Donald Creek,Suite 701,West Michaelton,95334,Michigan,India,Rebecca Gillespie,339.604.8960,HG-SUP0219,2009-03-25 08:03:07,2016-03-14 13:51:02
220,SUP0220,Silva-Gonzalez,7041 Stephen Village Suite 337,Apt. 394,North Kellyland,01003,Missouri,France,Joseph Johnson,(919)533-5036x947,S-SUP0220,1984-01-10 20:10:39,1988-08-19 03:09:45
221,SUP0221,Mcintyre-Davis,4194 Dennis Roads Suite 560,Suite 280,Bakerberg,66672,Arkansas,Marshall Islands,Kristin Dunlap,(984)355-6593,M-SUP0221,1980-04-28 19:43:44,2001-03-30 02:46:23
222,SUP0222,"Medina, Wang and Graham",0385 Chapman Isle,Apt. 743,Stantonshire,07881,Georgia,Bangladesh,Danielle Lopez,302.340.6047,MWaG-SUP0222,1998-07-03 04:49:51,1999-07-27 11:17:56
223,SUP0223,Jenkins-Crane,791 Kathryn Shoal,Apt. 282,West Amanda,75334,Maryland,Qatar,Scott Brown,834-298-2331,J-SUP0223,1989-04-14 22:00:12,1991-04-21 09:38:40
224,SUP0224,Austin-Hodge,7059 Moore Lodge Apt. 568,Apt. 252,Chapmanmouth,45537,Alaska,Palestinian Territory,Sabrina Orozco,(455)908-9333x734,A-SUP0224,2008-02-24 23:18:34,2013-01-20 10:53:29
225,SUP0225,"Bradford, Palmer and Nguyen",593 John Fall Suite 361,Apt. 121,New Patrickbury,43796,Hawaii,Uzbekistan,Kevin Nolan,603.670.5313x0346,BPaN-SUP0225,2008-01-09 08:45:40,2012-04-23 01:21:38
226,SUP0226,"Stanley, Evans and Ramirez",325 Rodriguez Locks Apt. 757,Apt. 472,Ellenborough,72794,Texas,Suriname,Kristina Kerr,+1-977-583-4010x161,SEaR-SUP0226,2007-12-28 18:34:08,2015-03-20 17:57:58
227,SUP0227,Campbell-Murphy,941 Palmer Ridge,Suite 266,West Karen,99933,Indiana,Netherlands,Alexandra Beck,884-708-6459x817,C-SUP0227,1993-04-03 15:00:00,2004-03-01 20:05:31
228,SUP0228,White-Hunter,2146 Matthew Curve Apt. 994,Suite 080,Michaelhaven,66791,Michigan,Czech Republic,Calvin Johnson,853.212.7008,W-SUP0228,2023-12-03 23:31:02,2024-03-29 17:21:30
229,SUP0229,"Sellers, Mckay and Lawson",1834 Anna Inlet Apt. 268,Apt. 072,Port Melissaberg,27086,Wyoming,Kuwait,Joseph Harris,965.576.8749x163,SMaL-SUP0229,1970-06-02 15:13:59,2019-08-12 15:00:41
230,SUP0230,Stevens and Sons,4062 Carroll Islands,Apt. 365,Port Jacob,40765,North Carolina,Congo,Carrie Juarez,(724)991-1629x8564,SaS-SUP0230,2020-07-14 16:49:55,2023-04-07 16:15:13
231,SUP0231,"Oneill, Smith and Phillips",57682 Shannon Alley,Apt. 419,Port Shaneborough,88754,South Dakota,Lao People's Democratic Republic,Teresa Medina,5085756590,OSaP-SUP0231,1987-01-27 08:35:39,2007-01-20 10:40:05
232,SUP0232,Smith-White,44977 Ritter Lodge,Suite 486,New Travisburgh,19926,Montana,Saint Lucia,Christine Martin,001-286-320-9236x2801,S-SUP0232,1984-05-30 06:57:14,2009-02-27 14:06:58
233,SUP0233,Wright PLC,23869 Marc View Suite 412,Apt. 389,Brandonfort,79703,Delaware,Austria,Kimberly Phelps,221-798-6483x97881,WP-SUP0233,1992-03-30 17:20:24,1997-04-25 01:11:18
234,SUP0234,"Reynolds, Moore and Thompson",665 Christine Junctions Suite 472,Suite 153,Davidshire,30676,Pennsylvania,Qatar,Donna Pacheco,424.383.4567,RMaT-SUP0234,1984-10-13 03:53:57,1991-05-24 03:20:22
235,SUP0235,"Morris, Cline and Davis",9614 Michelle Lake,Apt. 791,Port Melissa,84499,Michigan,Sudan,Jennifer Johnson,741-291-2122,MCaD-SUP0235,1973-02-04 14:38:30,2015-01-22 05:53:30
236,SUP0236,Haynes-Knight,5857 Sandra Walks Suite 729,Suite 579,Danielsborough,40014,Oregon,Tunisia,Michael Sellers,942-457-8217x7793,H-SUP0236,2004-04-21 21:35:02,2009-03-18 17:51:00
237,SUP0237,"Wolfe, Thompson and Carroll",48461 Edwin Ferry,Suite 416,Port Brandon,35981,Nevada,Wallis and Futuna,Andrea Collier,858.886.6297,WTaC-SUP0237,2014-10-21 18:20:38,2015-01-27 04:08:41
238,SUP0238,"Edwards, Walter and Thompson",979 Danielle Union,Apt. 345,Popehaven,09085,Illinois,Serbia,Ryan Sanchez,+1-458-204-9671,EWaT-SUP0238,2022-04-11 15:36:48,2023-05-31 01:44:36
239,SUP0239,Todd PLC,98592 Jennifer Groves Apt. 620,Suite 408,South Christian,10974,Nevada,Central African Republic,David Bell,306-276-7483x01303,TP-SUP0239,2018-05-11 15:41:21,2020-02-23 07:12:29
240,SUP0240,"James, Hamilton and Russell",32523 Angela Canyon,Apt. 904,Davisport,90390,Kansas,Bahrain,Jennifer Lopez,460.768.2940x684,JHaR-SUP0240,1985-11-01 19:44:49,1986-09-15 23:37:36
241,SUP0241,Wright LLC,867 Anne Courts,Suite 685,Lake Nicholas,22965,Virginia,French Guiana,Kelsey Wang,+1-726-941-4290x25724,WL-SUP0241,2007-04-02 20:18:24,2022-11-11 01:42:59
242,SUP0242,Castillo LLC,65909 Jones Hill Suite 107,Apt. 025,Meaganmouth,57574,North Carolina,Cook Islands,Renee Alexander,794-417-3413,CL-SUP0242,2016-07-25 22:55:44,2016-09-01 05:42:10
243,SUP0243,Harris and Sons,95798 Jonathon Gardens Apt. 442,Suite 988,Shellymouth,83576,New York,Saint Pierre and Miquelon,April Green,(307)843-5291x6501,HaS-SUP0243,1988-05-21 03:58:10,2023-08-17 01:40:15
244,SUP0244,"Meza, Bradshaw and Sampson",5742 Scott Flats Apt. 402,Apt. 832,Reyesbury,39955,Montana,Haiti,Paige Murray,+1-605-763-7183x2800,MBaS-SUP0244,1994-01-23 17:14:55,2018-03-21 23:18:49
245,SUP0245,Cox-Howe,0799 Trevor Mews Apt. 865,Suite 491,West Danielshire,20086,North Dakota,United States Virgin Islands,Margaret Russell,992.419.7451,C-SUP0245,1988-02-27 20:57:59,1996-03-05 06:35:23
246,SUP0246,"Weeks, Perez and Robinson",494 Cohen Mews,Apt. 997,Port Philipburgh,05134,New Mexico,Montserrat,Leslie Johnson,001-329-862-7067x7169,WPaR-SUP0246,2002-07-15 22:12:44,2006-04-06 18:03:37
247,SUP0247,Johnson-Price,6140 Coleman Unions,Apt. 666,Port Lisa,83559,Texas,Brunei Darussalam,Anna Moore,(642)242-4094x355,J-SUP0247,2024-03-18 01:18:26,2024-07-16 13:12:12
248,SUP0248,Rhodes-Johnson,0423 Marquez Springs,Suite 058,East Connorshire,49060,Missouri,Mexico,Cory Graves,+1-415-309-1888x325,R-SUP0248,2002-08-29 07:27:29,2011-08-10 11:44:29
249,SUP0249,Smith-Rogers,8248 Jody Stream,Suite 704,West Matthew,42917,Iowa,Gambia,Kelly Lynch,750.295.8825x5217,S-SUP0249,2010-08-13 06:24:10,2015-05-16 06:01:17
250,SUP0250,Small Ltd,9215 Ward Islands,Apt. 307,South Nicoleland,63770,Nevada,Togo,Andrew Nelson,001-722-870-0027,SL-SUP0250,2022-12-23 16:07:06,2024-06-16 22:38:51
251,SUP0251,"Palmer, Henderson and Frost",425 Allen Expressway Apt. 249,Apt. 755,Smithmouth,34444,Alaska,Cape Verde,Alexander Ray,996.241.3929x761,PHaF-SUP0251,1974-11-22 22:46:30,1997-06-08 09:09:45
252,SUP0252,"Lee, Turner and Bradley",0347 Nicholas Mountains Apt. 803,Apt. 727,Rodriguezborough,35496,Alabama,Eritrea,Robert Newton,+1-394-593-2422x160,LTaB-SUP0252,2011-07-20 00:12:39,2017-10-30 12:27:57
253,SUP0253,Perez-Walker,1141 Webb Trace,Suite 638,South Jessicamouth,57180,Wyoming,Guatemala,Ronald Quinn,+1-716-995-5224x6978,P-SUP0253,1971-04-29 16:36:11,1986-06-27 12:36:48
254,SUP0254,Colon and Sons,1608 Mason Drive,Suite 333,Barbaramouth,53045,Colorado,French Polynesia,Amy Ashley,407-852-8611x104,CaS-SUP0254,2020-07-15 17:48:23,2022-02-24 18:23:57
255,SUP0255,Wright Ltd,7067 Carlson Stream,Suite 717,Nicolemouth,90423,Louisiana,Uruguay,Matthew Nelson,238.462.7445x470,WL-SUP0255,1998-09-17 08:16:51,2021-12-10 06:53:21
256,SUP0256,"Foster, Bryant and Juarez",759 Miller Port,Suite 173,West Aaronborough,65734,New Mexico,Chile,Melissa Knight,825.315.3604,FBaJ-SUP0256,1996-12-28 16:31:16,2002-08-01 13:16:10
257,SUP0257,Smith-Jackson,4503 Webb Mountain,Apt. 317,Rachelview,74128,Nevada,Zambia,Mark Brown,(519)574-4743x912,S-SUP0257,2005-05-12 14:11:08,2009-02-07 12:48:00
258,SUP0258,Kennedy-Carpenter,75236 Lopez Crescent,Apt. 353,Michelleburgh,32435,California,Tonga,Steven Sanchez,537.804.5765,K-SUP0258,2011-01-17 22:19:47,2013-02-12 09:05:40
259,SUP0259,Gomez PLC,616 Bethany Meadows Apt. 117,Suite 454,New Haroldfort,29810,Colorado,Hungary,Vicki Davis,700.273.4060x516,GP-SUP0259,2002-01-12 22:25:03,2006-04-19 08:17:16
260,SUP0260,Galloway-Jarvis,966 Martin Manor,Suite 640,Schaefermouth,15960,Rhode Island,Cuba,Thomas Hill,956-202-9956x99777,G-SUP0260,2004-09-20 09:46:16,2020-12-29 21:04:51
261,SUP0261,Ali LLC,96896 Rodney Vista Apt. 006,Apt. 899,North Christinechester,40430,Washington,Montenegro,Hayley Kelley,2574474544,AL-SUP0261,2018-06-15 04:34:42,2024-02-25 18:06:19
262,SUP0262,Clayton-Harrington,1571 Rivera Greens Apt. 271,Suite 255,Port Michaelton,85749,Hawaii,Mauritius,Jane Rhodes,+1-673-549-5778x257,C-SUP0262,2013-03-29 15:28:36,2021-04-26 02:41:08
263,SUP0263,Wells Inc,6115 Wendy Prairie Apt. 116,Suite 913,Millerchester,93197,West Virginia,Saint Kitts and Nevis,Alexis Pugh,324-977-5789x6836,WI-SUP0263,1993-05-07 13:37:29,2023-07-17 15:14:29
264,SUP0264,Johnson-Smith,869 Brown Points Apt. 723,Suite 671,New Daniel,48373,Tennessee,Saint Vincent and the Grenadines,James Flowers,+1-202-336-1321,J-SUP0264,1981-03-24 16:37:15,1987-01-16 01:53:35
265,SUP0265,"Hall, Jackson and Carlson",2056 Hughes Isle,Suite 310,South Katrinabury,97182,Kentucky,Sao Tome and Principe,Marvin Hansen,001-386-645-0488x12703,HJaC-SUP0265,2002-09-20 15:47:56,2012-02-13 20:13:05
266,SUP0266,Flores PLC,38620 Juan Light,Apt. 810,South Elizabethmouth,73991,Kentucky,United States of America,Justin Scott,(432)468-5254x9583,FP-SUP0266,1973-09-01 20:31:14,1981-05-19 00:01:14
267,SUP0267,"Mcgee, Young and Barrett",299 Rodriguez Camp,Apt. 606,Port Jennifer,56790,Arizona,Jersey,David Tucker,(694)830-7944x2189,MYaB-SUP0267,2024-04-05 03:51:54,2024-08-03 19:49:01
268,SUP0268,Dunn PLC,54047 Franklin Green,Apt. 862,Lake Kevin,88343,Virginia,Korea,Jessica Herrera,+1-353-628-5486x65466,DP-SUP0268,2017-09-03 06:31:30,2019-02-21 12:32:31
269,SUP0269,Reynolds-Kim,8421 Wells Lodge Suite 963,Suite 891,Jonathanhaven,12577,Florida,Italy,Melissa Adams,224-532-8405x45489,R-SUP0269,1976-10-14 07:26:56,2002-06-10 20:40:52
270,SUP0270,Wright LLC,373 Flynn Underpass Apt. 097,Apt. 665,North Michael,13125,Hawaii,Puerto Rico,Roger Young,(238)451-2989x07425,WL-SUP0270,2021-10-28 05:01:54,2024-04-20 18:57:17
271,SUP0271,Mcdonald-Anderson,08195 Roth Rapid Apt. 992,Apt. 203,New Sharon,97510,Oregon,Sudan,Jessica Christensen,290-553-5749x9225,M-SUP0271,1993-07-03 10:25:34,2018-12-14 07:32:12
272,SUP0272,Meyer-Huffman,846 Vega Forge Suite 258,Apt. 437,Port Maria,17974,Oklahoma,Gibraltar,Tina Romero,518.677.2621x631,M-SUP0272,1979-05-02 22:08:06,2023-12-19 15:23:04
273,SUP0273,"Rice, Garcia and Lutz",738 Romero Shores,Suite 782,New Vincent,90386,New Mexico,San Marino,Nancy Hayes,(543)214-9458,RGaL-SUP0273,2014-06-29 18:34:15,2015-04-29 06:37:15
274,SUP0274,"Ramirez, Nguyen and Johnson",19013 Steven Light Apt. 211,Suite 219,Joneshaven,08473,Illinois,China,Dwayne Spencer,+1-419-751-9596x9111,RNaJ-SUP0274,1996-11-16 11:44:05,2010-01-26 09:33:00
275,SUP0275,"Terry, Mccarty and Hernandez",2738 Le Center Apt. 766,Apt. 390,New Tyler,93713,Washington,Turkmenistan,Rebecca Miller,322.671.4086,TMaH-SUP0275,1998-10-08 00:52:40,2024-01-08 16:17:00
276,SUP0276,"Benson, Gibson and Bennett",232 Mcdonald Greens,Apt. 691,North Virginiastad,16159,Nevada,Tunisia,Albert Hernandez,616.864.5139x65093,BGaB-SUP0276,2010-07-29 08:28:49,2019-01-04 17:23:35
277,SUP0277,King-Snyder,911 Gabriel Squares Suite 993,Suite 177,Kellybury,43829,Kentucky,Croatia,Kevin Gonzalez,350.648.7654x46383,K-SUP0277,2011-05-31 18:18:46,2016-07-15 08:00:09
278,SUP0278,"Simon, Haynes and Brown",92105 Brandon Plains,Suite 721,Seanchester,53591,Wisconsin,Pitcairn Islands,Ellen Vega,410-632-2772x058,SHaB-SUP0278,1976-07-03 08:21:56,1977-03-19 12:33:23
279,SUP0279,"Wade, Maynard and Harris",000 Bates Glen,Suite 864,North Lori,71456,Arizona,Portugal,Ashley Jennings,001-633-275-7604x054,WMaH-SUP0279,1992-07-03 16:44:41,2018-01-06 05:44:08
280,SUP0280,Alexander Group,0384 Cunningham Cliff Suite 522,Apt. 041,Port Jayfurt,77908,Maryland,Antarctica (the territory South of 60 deg S),Kenneth Martin,266.733.8607,AG-SUP0280,2021-05-18 07:42:49,2022-05-19 01:44:23
281,SUP0281,"Sanchez, Davis and Smith",688 Mitchell Rapid,Apt. 519,Port Loriland,66717,Pennsylvania,Cameroon,Christian Warren,001-534-702-4097x135,SDaS-SUP0281,2013-08-29 22:50:09,2016-01-16 12:59:30
282,SUP0282,"Robbins, Nelson and Wilkinson",986 Pham Ways,Suite 743,West Paul,03437,Alabama,Netherlands,Amanda Allen,(543)578-5917,RNaW-SUP0282,2002-05-20 05:59:53,2023-03-27 09:20:30
283,SUP0283,Lewis Ltd,08027 Johnson Squares Apt. 582,Suite 213,Derekchester,90303,New York,Mali,Catherine Lee,759.357.6750x52531,LL-SUP0283,2004-03-08 07:24:35,2007-06-23 06:48:37
284,SUP0284,Wagner LLC,75851 Samuel Prairie,Apt. 741,Miketown,79884,Colorado,Paraguay,Joseph Scott,902-988-9079x756,WL-SUP0284,1975-07-15 04:08:54,1981-10-11 00:08:19
285,SUP0285,Stokes-Roth,493 Derek Springs,Apt. 976,West Charles,74321,Nevada,Denmark,Misty Price,(795)553-6283,S-SUP0285,2007-11-21 04:39:15,2011-06-24 19:33:53
286,SUP0286,"Vaughn, King and Nelson",6200 Courtney Road Suite 987,Apt. 487,Garciaside,99864,Indiana,Croatia,Tammy Stephens,767-957-3921x491,VKaN-SUP0286,2015-09-17 22:25:11,2022-12-27 23:09:45
287,SUP0287,"Robinson, Dougherty and Johnson",231 Noah Summit Apt. 937,Apt. 232,Lake Bridget,41530,Oklahoma,Northern Mariana Islands,Nancy Collins,8407078601,RDaJ-SUP0287,1980-11-24 06:31:48,2005-02-21 14:55:30
288,SUP0288,"Mcneil, Brady and Walters",987 Williams Extensions Suite 504,Suite 793,Darleneport,87475,Mississippi,Niger,Nicholas Shaw,(662)909-6448,MBaW-SUP0288,1970-02-03 14:45:41,1975-05-16 22:54:18
289,SUP0289,Shaw LLC,445 Krystal Springs,Suite 049,Lake Thomas,26331,Arkansas,Poland,Randall Myers,619.301.4497x050,SL-SUP0289,1981-02-05 01:33:37,2022-06-24 21:57:52
290,SUP0290,White-Marshall,63295 Chapman Grove,Suite 653,South Omar,19716,Indiana,Wallis and Futuna,Jamie Parker,805-618-0502x624,W-SUP0290,1979-04-11 22:39:49,2017-04-02 17:27:51
291,SUP0291,Phillips PLC,061 Crystal Cove,Suite 424,New Emilychester,79399,Missouri,Turkey,Edward Alvarez,995.418.3141,PP-SUP0291,1986-07-25 02:35:57,1993-03-14 12:31:50
292,SUP0292,"Robertson, Lopez and Jennings",0799 Nancy Mission,Apt. 007,Lake Sara,06174,Florida,Holy See (Vatican City State),Craig Jackson,001-331-293-2420x94392,RLaJ-SUP0292,1988-06-26 19:33:33,2007-02-03 22:57:45
293,SUP0293,Brown PLC,60947 Anderson Mill Apt. 881,Suite 905,Brendantown,24906,South Carolina,Sri Lanka,Timothy Benson,586.830.0027,BP-SUP0293,2017-02-16 19:35:03,2017-05-11 06:30:30
294,SUP0294,Guerrero Group,5235 Tina Circle,Suite 924,Port Rachelview,99450,Oklahoma,United States Minor Outlying Islands,Joann Cannon,6172858716,GG-SUP0294,2006-08-16 06:43:06,2008-12-17 11:13:58
295,SUP0295,Cruz-Chapman,71064 Briggs Ports,Suite 365,East Ruthside,96147,Georgia,Saint Martin,Michael Snyder,(574)230-3959x2471,C-SUP0295,2008-08-03 08:06:20,2012-01-12 13:21:48
296,SUP0296,"Cline, Parks and Hall",70853 Jeffrey Stream Suite 010,Suite 027,Rebeccafort,54296,Idaho,Cambodia,Derrick Weiss,791-381-2621x81299,CPaH-SUP0296,2013-12-01 07:45:51,2018-04-29 16:20:22
297,SUP0297,"Duncan, Lee and Smith",42345 James Fork Suite 722,Apt. 084,South Bryan,27405,Massachusetts,Montserrat,Angela Campbell,715-648-0753x480,DLaS-SUP0297,2021-08-11 09:49:38,2024-01-21 11:00:07
298,SUP0298,Thomas Ltd,00803 Cody Brook Suite 777,Suite 477,Connerview,80902,Mississippi,El Salvador,Julie Reilly,875.623.9972x73500,TL-SUP0298,2011-04-03 04:42:13,2022-07-22 08:00:45
299,SUP0299,Schwartz PLC,87226 Krystal Spring Suite 596,Suite 053,Coryborough,36026,South Dakota,Niger,Stephanie Schneider,718-231-9821,SP-SUP0299,1984-11-06 02:35:36,2015-04-22 23:31:53
300,SUP0300,Ibarra and Sons,6661 Acevedo Street Apt. 663,Apt. 022,Jonesfurt,06558,Louisiana,Angola,Keith Aguirre,532-514-0945,IaS-SUP0300,2018-06-30 05:42:20,2019-09-11 22:25:53
301,SUP0301,Turner-Smith,521 Travis Ferry,Apt. 442,South Adamfort,97698,Washington,Montenegro,Angela Cole,+1-522-626-2654,T-SUP0301,2001-11-17 15:40:14,2024-03-29 03:38:21
302,SUP0302,Price-Martinez,89070 Sarah Port,Apt. 229,Carlsonport,05676,Louisiana,Libyan Arab Jamahiriya,Maria Smith,640.286.2174x802,P-SUP0302,1976-07-31 13:48:49,1986-02-04 06:16:29
303,SUP0303,Conner Group,123 Rhodes Motorway,Apt. 363,Port Sethport,21626,South Dakota,Montserrat,Karl Livingston,001-951-701-0699x21498,CG-SUP0303,2009-07-08 05:08:23,2014-04-11 19:12:47
304,SUP0304,"Jefferson, Forbes and Small",7372 Hill Village Suite 647,Apt. 647,Josephhaven,09871,New York,Chile,Mary Henry,493.425.8551x47554,JFaS-SUP0304,2002-05-14 15:39:48,2021-11-06 11:21:05
305,SUP0305,Butler and Sons,065 Rodney Spring,Suite 625,New Kenneth,92417,Mississippi,Pakistan,Sheila Reed,(438)821-3658x353,BaS-SUP0305,2009-04-07 05:14:24,2013-12-12 06:47:25
306,SUP0306,Harrison LLC,7544 Johnston Flats,Apt. 178,East Davidborough,40773,Nebraska,Panama,Jennifer Martinez,321-677-3654,HL-SUP0306,2000-02-24 17:39:04,2022-03-02 08:25:11
307,SUP0307,Rivers-Mendoza,8319 Turner Estates Suite 722,Suite 821,North Richardberg,92379,Texas,Sudan,Joann Walker,+1-728-866-8095x84541,R-SUP0307,1970-07-08 13:51:16,1981-01-24 09:48:42
308,SUP0308,"Pruitt, Johnson and Blackburn",727 White Inlet,Suite 977,Port Terriberg,86695,Hawaii,Cape Verde,Jennifer Cunningham,(295)633-8419x2728,PJaB-SUP0308,1984-07-04 02:09:33,1986-04-03 08:11:15
309,SUP0309,"Reyes, Patton and Gross",548 Carpenter Underpass,Apt. 794,Hillstad,74403,Montana,North Macedonia,Barbara Stafford,+1-283-635-2474,RPaG-SUP0309,1996-08-20 14:02:57,2018-01-06 00:49:41
310,SUP0310,Stephenson LLC,6799 Evans Course,Apt. 312,Smithstad,05816,Maine,Suriname,Kyle Shaw,417-674-1358,SL-SUP0310,2014-12-09 03:53:42,2024-08-31 12:11:46
311,SUP0311,"Love, Wells and Alexander",77930 Michelle Cape Apt. 900,Suite 438,Oconnellfurt,89496,Nevada,Turkmenistan,April Lane,+1-677-932-0450x55725,LWaA-SUP0311,2021-03-01 05:53:20,2022-03-17 16:32:34
312,SUP0312,"Perez, Rangel and Thomas",52177 Sharon Centers Apt. 580,Apt. 674,Robinsonshire,88206,Tennessee,Taiwan,Elizabeth Lopez,+1-443-736-3508,PRaT-SUP0312,1985-05-15 14:09:25,1987-11-26 15:43:22
313,SUP0313,Giles Ltd,859 Barker Divide Suite 970,Suite 652,Debbieview,04695,New Hampshire,Saint Helena,Lauren Dyer,566-460-7285,GL-SUP0313,1981-04-03 02:28:26,1993-03-28 05:55:36
314,SUP0314,Boone PLC,888 Bailey Walk,Suite 525,East Jasonborough,73648,Nebraska,Benin,Sherry Steele,835-353-7001x565,BP-SUP0314,1994-02-20 10:20:12,2000-07-10 17:20:38
315,SUP0315,"Osborne, Howell and Pearson",414 Bond Light Suite 031,Suite 140,Griffinport,58351,Colorado,Antigua and Barbuda,Omar Chambers,6313650953,OHaP-SUP0315,2007-07-15 03:31:28,2022-06-16 06:45:31
316,SUP0316,"Richards, Warner and Decker",5026 Leah Meadow Suite 080,Suite 391,East Melissa,56479,Oklahoma,Uganda,Jay Martinez,9564065369,RWaD-SUP0316,1993-10-19 06:21:20,2021-10-09 10:15:07
317,SUP0317,"Baker, Garcia and Thornton",273 Frederick Lights,Suite 063,South Rachelhaven,05908,Montana,Kuwait,Brett Franklin,739-213-9085x09580,BGaT-SUP0317,2006-06-18 00:59:54,2024-07-17 12:38:52
318,SUP0318,Ortiz LLC,78828 Phillip Cliff Suite 550,Apt. 614,West Chadport,98739,West Virginia,United States Virgin Islands,Robert Johnson,+1-662-500-7852x26699,OL-SUP0318,1997-06-19 04:53:32,2016-02-01 04:56:58
319,SUP0319,"Pace, Mclean and Patterson",2915 Lisa Garden Apt. 288,Apt. 729,Lake Paula,26118,New Hampshire,Burkina Faso,Benjamin Nielsen,(369)871-3002x33654,PMaP-SUP0319,1970-12-06 17:23:04,2016-07-22 18:30:37
320,SUP0320,Johnson-Mcintyre,277 Powers Mall Apt. 394,Suite 324,Lake Heidi,04826,Ohio,Bulgaria,Ryan Campbell,781-515-8520,J-SUP0320,1994-02-07 03:09:10,2021-05-26 03:58:05
321,SUP0321,Watson-Brown,9820 Simmons River,Suite 875,Brandonberg,44117,Georgia,India,Heidi Fernandez,707.728.1791x91941,W-SUP0321,2015-10-03 16:57:58,2023-05-12 07:16:44
322,SUP0322,Morgan Group,05588 Beck Forks,Apt. 395,North Catherine,61894,New Hampshire,Guinea-Bissau,Michelle Cohen,001-442-675-4204x40398,MG-SUP0322,1988-12-10 05:36:04,1991-03-13 07:42:39
323,SUP0323,Waters Group,56453 Elizabeth Loop,Suite 653,Port Michelle,33979,Arkansas,Bahrain,Kaitlyn Baker,831-247-5553x852,WG-SUP0323,1987-01-13 01:36:03,2015-03-20 13:45:40
324,SUP0324,Orozco-Weaver,22940 Robin Crescent,Suite 922,Burkefurt,18887,Florida,Trinidad and Tobago,Morgan Johnson,+1-768-670-6908x4511,O-SUP0324,2019-05-23 13:52:41,2022-08-08 10:31:24
325,SUP0325,Stanley and Sons,655 Kennedy Ramp,Apt. 748,Francesstad,95210,Maine,Somalia,Paul Montes,291-281-6827,SaS-SUP0325,1977-10-27 16:56:14,1983-11-17 00:38:48
326,SUP0326,Hardin-Andrews,848 Aguilar Stream Apt. 603,Apt. 879,South Hannahside,98592,Alaska,Uganda,Brian Contreras,896.388.7637x351,H-SUP0326,2002-01-05 07:42:21,2005-09-16 03:09:20
327,SUP0327,Armstrong and Sons,8859 Chandler Harbor Suite 429,Suite 728,Youngfort,37827,Indiana,Tajikistan,Paul Faulkner,8785299757,AaS-SUP0327,2017-11-07 21:38:13,2023-03-18 17:51:48
328,SUP0328,Fisher LLC,0121 Jennifer Locks,Apt. 500,West Jeremy,14862,Illinois,Malaysia,Alex Henderson,(372)276-6703,FL-SUP0328,2011-09-16 22:19:51,2014-05-30 23:28:27
329,SUP0329,Walker and Sons,9668 Horton Villages,Suite 092,East Maryburgh,99181,Utah,North Macedonia,Gregory Graham,(511)218-1343x0134,WaS-SUP0329,2005-04-18 09:42:58,2023-08-26 19:35:50
330,SUP0330,Zamora-Garcia,541 Maxwell Centers Apt. 854,Apt. 127,Port Kristyland,54572,Colorado,Mauritania,Alyssa Montgomery MD,7652169828,Z-SUP0330,2015-04-03 09:55:23,2024-09-02 12:27:54
331,SUP0331,"Williams, Humphrey and Lopez",969 David Plains,Apt. 910,Myersview,30470,Illinois,Uganda,Timothy Matthews,396.364.1238x6148,WHaL-SUP0331,2003-01-13 00:45:12,2016-03-18 12:22:02
332,SUP0332,Evans-Moore,89692 Day Ranch Apt. 026,Suite 640,Debramouth,16914,Connecticut,Monaco,Austin Frazier,385.212.8834,E-SUP0332,2007-10-16 14:42:28,2014-08-29 02:06:33
333,SUP0333,West Ltd,6105 Bailey Tunnel Apt. 632,Apt. 180,Lake Tracy,86411,West Virginia,Liberia,Elizabeth Carney,(420)928-9967x133,WL-SUP0333,2001-12-20 06:46:28,2013-09-11 13:09:08
334,SUP0334,Bennett-Mclaughlin,25701 Cody Lodge Suite 162,Suite 785,New Adam,55163,Wisconsin,Bhutan,Tonya Williams,930.654.2383x88097,B-SUP0334,2014-10-03 05:38:53,2018-09-01 03:23:13
335,SUP0335,Vaughn and Sons,412 Bowman Forge,Apt. 388,Haysland,86644,Minnesota,Japan,Larry Parker,4738457242,VaS-SUP0335,2008-07-07 00:39:58,2013-07-06 12:11:59
336,SUP0336,"Graves, Herrera and Fernandez",33784 Morris Trace Apt. 853,Apt. 411,Wigginsville,46323,Texas,Romania,Charles Diaz,(825)949-4260,GHaF-SUP0336,1971-04-24 17:37:11,1975-04-25 20:53:36
337,SUP0337,Novak-Thompson,969 Smith Plaza,Suite 376,West Cathy,74972,Maine,Dominica,Joseph Erickson,+1-260-665-4016x96953,N-SUP0337,1978-12-22 06:07:59,1984-11-30 09:09:44
338,SUP0338,Sanchez-Garcia,4622 Margaret Brook Suite 720,Suite 931,Carlberg,12562,Minnesota,Mexico,Alexis Mathews,422-545-7037x035,S-SUP0338,2017-11-19 18:09:55,2020-08-19 22:33:50
339,SUP0339,"Lin, Chapman and Hickman",28030 Daniels Mill,Apt. 601,South Anthony,97645,Ohio,New Caledonia,Edward Wyatt,709-408-2186,LCaH-SUP0339,1982-11-28 17:09:33,1993-04-26 19:34:12
340,SUP0340,"Jackson, Erickson and Kaiser",5160 Steven Rest Apt. 713,Apt. 541,West Denise,55308,Louisiana,Martinique,Theresa Patterson,780-834-9989,JEaK-SUP0340,2003-12-03 16:51:11,2005-10-22 19:51:26
341,SUP0341,Allen-Torres,33535 Sosa Land,Apt. 420,East Jamesburgh,62842,Mississippi,Tunisia,Michael Bailey II,581-392-5328x1396,A-SUP0341,1979-10-28 00:46:09,2023-08-18 19:13:14
342,SUP0342,Dorsey Inc,7249 Cook Course Suite 895,Suite 993,New Nicole,80124,Rhode Island,Libyan Arab Jamahiriya,Anthony Boyd,+1-654-804-3995x436,DI-SUP0342,2024-03-26 03:55:59,2024-08-24 06:26:47
343,SUP0343,Mosley LLC,049 Stephens Gateway,Suite 454,Jonesside,56781,Louisiana,Serbia,Greg Jordan,(365)737-8349x274,ML-SUP0343,1993-07-27 22:29:18,2021-03-26 02:20:08
344,SUP0344,"Scott, Rodriguez and Bishop",46586 Hull Village,Suite 380,North Derrickbury,58262,Texas,Hungary,Tamara Lawrence,+1-274-305-1163x696,SRaB-SUP0344,1975-10-15 15:17:53,1990-08-08 20:08:52
345,SUP0345,Willis-Carter,3121 Theodore Camp,Suite 759,South Rhonda,29709,Alabama,Tokelau,Austin Ortega,+1-973-232-8062x3377,W-SUP0345,1998-09-23 16:48:12,2019-07-11 03:04:45
346,SUP0346,"Lamb, Payne and Armstrong",2871 Daniel Mill,Suite 901,Port Brian,07230,New Hampshire,Korea,Terry Reynolds,692-288-7754x093,LPaA-SUP0346,1990-04-20 15:02:29,1998-01-12 01:00:57
347,SUP0347,Keller Ltd,29509 Matthew Inlet,Apt. 378,Karenside,75647,South Dakota,Czech Republic,Adam Hall,001-456-441-8139x17495,KL-SUP0347,1999-10-23 09:02:24,2016-01-01 10:44:54
348,SUP0348,"Gomez, Wells and Daugherty",513 Amanda Spurs Apt. 290,Apt. 757,East Annette,91441,Montana,Papua New Guinea,Andrew Thompson,001-516-990-5045x035,GWaD-SUP0348,2024-09-04 01:38:43,2024-09-04 11:28:44
349,SUP0349,Alexander-Navarro,409 Graves Glen,Apt. 683,Bennettland,00582,Connecticut,North Macedonia,Scott Williams,001-322-779-8385x3800,A-SUP0349,1979-06-21 07:33:08,2002-03-27 06:17:23
350,SUP0350,Lee-Soto,291 Newman Terrace,Suite 687,East Patrick,61159,Tennessee,Bosnia and Herzegovina,John Chang,437-700-3756,L-SUP0350,2001-10-08 16:09:56,2004-09-11 09:14:56
351,SUP0351,Thompson Inc,475 Harris Trace,Suite 462,North Williamstad,73420,Missouri,Sierra Leone,Phillip Potter,+1-879-950-1517x0548,TI-SUP0351,2008-01-15 21:39:13,2016-06-20 06:50:29
352,SUP0352,Jones Inc,3653 Gomez Bridge Suite 769,Suite 591,Robinville,11189,Michigan,Iran,Scott Blanchard,257.814.3797,JI-SUP0352,1988-02-27 14:39:21,1993-06-23 23:38:33
353,SUP0353,Brewer-Mclaughlin,703 Robert Mission,Apt. 601,Lake Carlville,43264,Illinois,Solomon Islands,Steven Larson,(756)361-9188,B-SUP0353,2011-02-12 03:16:45,2023-03-13 09:08:31
354,SUP0354,Castro-Chapman,0478 Patricia Track,Apt. 893,New Daniel,42176,Rhode Island,Namibia,Troy Novak,+1-957-272-4101x71956,C-SUP0354,2014-10-22 18:37:36,2015-06-13 04:50:15
355,SUP0355,Thomas Group,05435 Mike Gardens,Apt. 631,Boothmouth,91671,North Dakota,United Arab Emirates,Randall English,2463835534,TG-SUP0355,2000-11-01 07:28:46,2011-02-24 17:11:34
356,SUP0356,Barry-Hernandez,057 Salinas Avenue,Suite 789,Lewisfurt,43785,Maine,Taiwan,Heidi Bowers,+1-829-557-6268x84611,B-SUP0356,2022-04-10 11:01:15,2023-11-17 21:05:54
357,SUP0357,"Walsh, Taylor and Smith",771 Vaughan Isle,Apt. 606,Michaelview,16495,New Mexico,Seychelles,Robert Carter,(913)932-5118,WTaS-SUP0357,1996-03-09 21:17:35,2010-07-22 16:13:47
358,SUP0358,Koch LLC,045 Larry Knoll,Suite 246,Campbellmouth,91439,Maryland,Korea,Michael Hayes,(551)552-8513,KL-SUP0358,1995-03-06 04:42:38,2001-03-12 23:05:15
359,SUP0359,Newman-James,57690 Jessica Path,Apt. 177,Reynoldston,31138,Nebraska,French Polynesia,Julie Preston,001-828-870-6287x8118,N-SUP0359,1987-07-10 02:44:15,1993-05-06 04:13:08
360,SUP0360,Bush-Rhodes,6958 Willie Lakes,Apt. 159,Port Steven,42902,Nevada,Rwanda,Willie Berger,(442)886-5644,B-SUP0360,2023-08-18 19:56:16,2024-04-30 08:31:18
361,SUP0361,Gibbs Ltd,918 Price Plain,Apt. 478,Batesside,43603,Virginia,Fiji,Timothy Miller,+1-666-482-6595x336,GL-SUP0361,2005-10-03 08:45:57,2016-12-22 03:17:39
362,SUP0362,"Monroe, Avila and Fisher",463 Santana Falls,Suite 617,Shawside,72945,South Dakota,Montserrat,Miguel Howe,001-940-952-8334x3224,MAaF-SUP0362,1990-03-23 02:53:46,1993-10-04 22:14:04
363,SUP0363,"Christian, Williams and Hart",833 Ramos Course,Apt. 984,North Susanshire,31740,Vermont,Saint Martin,Patricia Mason,6043402252,CWaH-SUP0363,1990-05-28 04:09:45,2013-01-07 02:06:31
364,SUP0364,"Leonard, Mclaughlin and Mays",806 Miller Trace,Suite 631,Reyeschester,74095,New Mexico,Saint Lucia,Sherri Morales,001-865-727-3550,LMaM-SUP0364,1980-12-20 14:32:29,2023-06-03 23:55:53
365,SUP0365,Ware-Sanchez,2575 Richard Wells Apt. 952,Apt. 769,Waynetown,87541,Oregon,Malawi,Richard Marshall,+1-848-613-1113x06290,W-SUP0365,2010-12-04 09:39:03,2015-09-12 11:54:35
366,SUP0366,Hines-Garcia,77616 Samuel Locks Apt. 433,Apt. 360,Brownstad,90235,South Carolina,Pitcairn Islands,Gary Craig,709-418-5134x367,H-SUP0366,1998-10-07 06:56:00,1999-12-14 04:41:36
367,SUP0367,"Palmer, Taylor and Villanueva",5685 Martin Mountains Suite 219,Suite 005,Lake Robin,40808,Rhode Island,Cameroon,Elizabeth Moody,(523)263-8723,PTaV-SUP0367,1987-05-17 21:16:37,1995-03-31 12:50:58
368,SUP0368,Weeks Group,50012 Farmer Stream Apt. 081,Apt. 450,East Stephanie,13102,Connecticut,Aruba,Gina Love,+1-772-911-2880x45174,WG-SUP0368,1982-11-29 22:24:16,2004-12-07 02:10:38
369,SUP0369,Edwards and Sons,015 Phillips Island Apt. 872,Suite 590,Molinafurt,29075,Nebraska,Slovakia (Slovak Republic),Robert Murillo,(817)730-1783,EaS-SUP0369,2004-11-04 05:15:57,2024-08-10 08:20:21
370,SUP0370,"Torres, Lawson and Miller",3940 Bryan Plains Apt. 195,Apt. 333,New Kathy,46627,New Hampshire,Zimbabwe,Michael Johnson,+1-765-599-3965x0419,TLaM-SUP0370,2002-10-20 14:20:19,2019-09-17 05:44:36
371,SUP0371,Farrell and Sons,7564 Poole Gardens,Apt. 139,Rodriguezfort,85746,Nebraska,Trinidad and Tobago,Jonathan Browning,(447)221-3567x23052,FaS-SUP0371,2006-12-11 21:27:35,2019-11-11 14:19:53
372,SUP0372,"Anderson, Perry and Sullivan",453 Adams Views Apt. 864,Apt. 605,North Kristopherview,70614,New Jersey,Sudan,Don Crawford,+1-648-357-3469,APaS-SUP0372,2018-06-14 02:47:50,2022-08-31 06:50:42
373,SUP0373,Joseph-Middleton,057 Becky Ways Apt. 305,Apt. 504,Josephhaven,42378,New Jersey,Sierra Leone,Frank Grant,748.858.0904,J-SUP0373,1993-03-31 20:56:22,2017-02-05 12:26:55
374,SUP0374,"Garza, Patrick and Warner",935 Odom Way Apt. 082,Apt. 206,East Laurie,79421,Wyoming,Estonia,Jonathan Lambert,826.715.7687x75602,GPaW-SUP0374,1982-03-24 10:55:52,2004-04-08 13:44:42
375,SUP0375,Davis and Sons,4485 Monica Rapid,Apt. 044,Antonioside,33136,Pennsylvania,Zimbabwe,Jessica Johnson,001-787-573-8960x6626,DaS-SUP0375,2017-03-18 02:01:28,2022-11-09 05:24:07
376,SUP0376,Mcclure Inc,1272 Robinson Bypass Suite 922,Apt. 134,Lisatown,18460,Nebraska,Germany,Anthony Brooks,(298)285-7964,MI-SUP0376,1999-06-01 01:06:34,2021-08-27 19:35:28
377,SUP0377,"Jones, Hood and Shaw",1944 Robert Station Apt. 156,Apt. 566,West Julie,47400,Massachusetts,Lebanon,Kimberly Hart,+1-739-594-2971x00667,JHaS-SUP0377,1991-11-11 02:01:00,2000-10-21 01:59:51
378,SUP0378,"Watkins, Davidson and Gonzalez",614 Myers Heights,Apt. 226,Port Ashley,32767,Arizona,Serbia,James Park,+1-532-643-7266x381,WDaG-SUP0378,1985-08-18 22:57:06,1986-06-22 07:40:18
379,SUP0379,Ford-Olson,218 Johnson Junctions Suite 295,Suite 532,West Kelly,19488,New Mexico,Australia,Erik Martin,+1-560-588-8432x2744,F-SUP0379,2016-07-27 21:01:48,2019-05-18 07:32:42
380,SUP0380,"Johnson, Williams and Oliver",638 Phillip Centers,Apt. 697,East Melissa,67436,South Dakota,Paraguay,Jacqueline Nichols,567.653.5340x4714,JWaO-SUP0380,2024-08-20 02:44:54,2024-09-03 03:49:22
381,SUP0381,Bush-Higgins,6559 John Parks Apt. 784,Suite 529,Meltonhaven,76107,Texas,Saint Kitts and Nevis,Gabriel Obrien,8648901467,B-SUP0381,1976-05-18 15:28:41,2009-04-08 18:46:28
382,SUP0382,"Malone, Morgan and Schneider",7642 Karen Meadow,Apt. 707,South Michael,05333,Indiana,Finland,Wanda Barton,(344)656-9178x12294,MMaS-SUP0382,2007-12-28 20:46:24,2020-07-06 17:09:55
383,SUP0383,Greer Ltd,2784 Phelps Club,Suite 598,South Davidfort,56395,Alaska,Togo,James Austin,+1-869-590-3396x58909,GL-SUP0383,2021-04-22 14:49:58,2023-09-05 14:07:25
384,SUP0384,Gibson PLC,2934 Thomas Road Apt. 723,Suite 127,Lambertborough,07561,Illinois,Suriname,Daniel Ware,(323)857-4497x161,GP-SUP0384,1971-07-11 18:09:27,1988-07-08 22:42:55
385,SUP0385,"Davis, Villegas and Nunez",8132 Lori River Apt. 843,Apt. 688,South Patriciamouth,53253,West Virginia,Iceland,Trevor Davis,(864)831-2265x04541,DVaN-SUP0385,2014-04-12 19:33:49,2016-05-31 12:36:19
386,SUP0386,Garcia Group,6980 Garcia Spur Apt. 457,Suite 812,Blackfort,48937,Nevada,Wallis and Futuna,Michael Rojas,001-319-262-8351x05993,GG-SUP0386,2005-12-09 20:46:03,2012-10-03 05:28:09
387,SUP0387,Jones Ltd,5919 Rodriguez Green,Suite 963,New Wandaview,85472,North Dakota,Solomon Islands,Susan Wilson,001-264-979-6672x02180,JL-SUP0387,1982-09-02 07:30:41,1989-09-03 15:32:51
388,SUP0388,Ortiz Group,105 Sanchez View,Apt. 312,Millershire,23662,Mississippi,Indonesia,Tabitha Singleton,+1-457-993-3507x445,OG-SUP0388,1997-06-30 17:36:06,2018-11-14 21:51:37
389,SUP0389,Lee-Tapia,7558 Marshall Lights Suite 072,Suite 728,West Jonathan,85449,Pennsylvania,Lithuania,Taylor Robles,440.753.0597,L-SUP0389,2016-04-20 18:25:17,2016-10-24 13:15:05
390,SUP0390,Kim and Sons,654 Kara Pass,Suite 269,Lake Jonathanton,16262,New Hampshire,Guernsey,Julie Allen,955.435.2780x7915,KaS-SUP0390,1974-08-25 05:51:45,2018-11-05 07:03:50
391,SUP0391,"Robbins, Campbell and Flores",569 Underwood Shoal Apt. 217,Apt. 637,West Andre,23607,Florida,Tanzania,Jonathan Watkins,+1-868-326-2601x46704,RCaF-SUP0391,1985-07-05 09:04:43,1990-01-23 23:19:30
392,SUP0392,"Chambers, Flynn and Stephens",129 James Key,Apt. 782,Donaldmouth,32132,Missouri,Malawi,Michelle Haynes,404.943.1409,CFaS-SUP0392,1989-05-16 09:53:04,2016-12-11 19:03:23
393,SUP0393,Mills-Adams,626 Malone Throughway,Suite 738,Ashleyport,43798,Wisconsin,Holy See (Vatican City State),Pam Lowe,987.983.1460,M-SUP0393,2020-11-17 00:57:26,2021-07-25 05:26:39
394,SUP0394,Brown-Mitchell,9875 Anderson Pine Suite 590,Apt. 016,East Katie,67693,Hawaii,Slovenia,Bethany Bradley,001-226-459-5967x962,B-SUP0394,2019-08-25 11:29:29,2020-12-19 04:34:59
395,SUP0395,Campbell Inc,0714 Cox Square,Apt. 839,North Laurieborough,82045,West Virginia,Congo,Mary Valenzuela,969-227-6739x24957,CI-SUP0395,2008-03-27 22:33:29,2012-02-21 02:32:09
396,SUP0396,"Obrien, Jones and Cruz",16057 White Estate,Suite 115,Hicksport,04357,Hawaii,Guatemala,Daniel Oneill,635-708-1342x46705,OJaC-SUP0396,1982-07-29 06:30:45,2019-06-27 19:47:24
397,SUP0397,Hunt-Castro,1262 Billy Expressway Suite 672,Apt. 881,Perryside,28275,North Carolina,Spain,Christopher Little,(420)274-4644,H-SUP0397,2002-08-04 05:20:00,2015-11-26 17:43:33
398,SUP0398,Rivers PLC,299 Joyce Ways Apt. 515,Apt. 221,Port Derek,94173,Oregon,Fiji,Stephen Gray,708.314.0182x584,RP-SUP0398,2001-08-07 00:37:54,2001-12-13 06:00:48
399,SUP0399,Garcia and Sons,03383 Courtney Turnpike,Apt. 400,Lake Josephland,90492,Wyoming,Poland,Juan Henderson,(742)209-7638,GaS-SUP0399,1977-05-12 07:24:31,1990-03-28 12:26:35
400,SUP0400,Young and Sons,3599 Reynolds Rue,Apt. 286,East Samuel,44843,Delaware,Bahamas,Dawn Scott,287.411.8275,YaS-SUP0400,2010-04-02 12:24:43,2011-08-28 16:38:25
401,SUP0401,"Reynolds, Snow and Webb",70326 Robert Key,Suite 646,West William,08575,South Dakota,Uruguay,Cynthia Eaton,(626)307-0316x9490,RSaW-SUP0401,1990-10-21 23:23:08,2022-03-23 20:00:42
402,SUP0402,"Morrison, Malone and Kaiser",353 Benjamin Groves,Suite 563,West Barryshire,43438,Illinois,Mayotte,William Hale,472.396.8801x71376,MMaK-SUP0402,1988-07-08 20:26:55,2016-01-07 01:43:51
403,SUP0403,Waller-Benton,86932 Thompson Mission Apt. 176,Apt. 002,Martineztown,59584,Vermont,Afghanistan,Monica Davidson,4382068002,W-SUP0403,2000-11-06 03:40:59,2012-01-24 07:05:34
404,SUP0404,Norris-Wyatt,617 White Estate,Apt. 802,Hesston,03458,Colorado,Austria,Martha Wilson,548.276.6449x922,N-SUP0404,1990-08-07 22:39:14,2005-01-30 16:09:12
405,SUP0405,Davis Group,2205 Kathy Garden Apt. 036,Suite 904,Lake Kennethshire,36676,Missouri,Korea,Sergio Gardner,539-807-4563,DG-SUP0405,2021-10-19 09:46:31,2023-06-17 13:10:32
406,SUP0406,Jones-Hill,998 Gary Mission Apt. 181,Apt. 958,Lake Michaelchester,06586,Delaware,Samoa,Martin Kerr,001-873-356-8768x302,J-SUP0406,2014-04-14 05:17:14,2016-04-15 19:39:20
407,SUP0407,Jones Group,43521 Maria Loop Apt. 951,Suite 029,Port Katherine,96943,Maine,Jordan,Tanya Vazquez,505-880-8330x0880,JG-SUP0407,2009-05-09 22:51:31,2017-02-14 23:01:39
408,SUP0408,"Sparks, Williams and Charles",038 Lewis Expressway Suite 441,Suite 233,Michelletown,91775,Kansas,Monaco,Chad Obrien,+1-222-652-2136x17548,SWaC-SUP0408,2011-11-19 06:12:03,2022-10-24 19:34:17
409,SUP0409,Anderson Inc,0698 Scott Keys,Suite 878,New Taylor,11142,Connecticut,Venezuela,Kathleen Townsend,363-611-5017x069,AI-SUP0409,2001-03-19 09:10:59,2020-11-04 21:47:01
410,SUP0410,"Phillips, Taylor and Reynolds",61973 Cathy Station Suite 410,Apt. 021,Catherineland,92760,Maine,Switzerland,Rhonda Hicks,754.566.2769x47332,PTaR-SUP0410,2010-10-16 23:58:13,2023-07-20 11:27:55
411,SUP0411,Brown-Lopez,620 Newman Mission,Apt. 035,Caldwellton,40441,New Hampshire,Lao People's Democratic Republic,Tyler Jones,+1-711-791-9844x38222,B-SUP0411,2010-05-13 05:41:00,2022-04-03 10:07:33
412,SUP0412,Richardson-Pope,20468 Tracy Grove,Suite 819,Kaylafort,39868,North Carolina,Turkmenistan,Mark Reed,001-480-337-2119x214,R-SUP0412,2000-07-07 22:34:30,2003-10-31 05:35:09
413,SUP0413,Townsend-Austin,5021 Wallace Mission Apt. 532,Suite 169,Port Lisashire,64125,Oregon,North Macedonia,Colleen Russo,+1-417-721-5652,T-SUP0413,2019-02-15 18:27:44,2024-06-29 06:26:58
414,SUP0414,Walker LLC,311 Rodriguez River Suite 728,Suite 259,Sandrastad,17043,Florida,Guinea,David Evans,554.941.1872,WL-SUP0414,1988-06-09 13:58:09,2017-06-25 18:07:57
415,SUP0415,"Davis, Smith and Johnson",1322 Donna Crossing Apt. 234,Apt. 104,Kristineborough,02270,Connecticut,Barbados,Leslie Berry,537-456-7849x09059,DSaJ-SUP0415,2013-08-10 14:02:25,2019-05-21 08:15:35
416,SUP0416,Park and Sons,8226 Brooks Points,Suite 654,Josephport,97219,Vermont,Saint Pierre and Miquelon,Lisa Malone,+1-471-887-6170x7916,PaS-SUP0416,2002-01-08 02:34:43,2010-04-27 09:38:59
417,SUP0417,Johnson and Sons,28717 Rickey Junctions Suite 892,Suite 176,Piercechester,69570,Tennessee,Yemen,Samantha Heath,001-942-279-2232x66641,JaS-SUP0417,2007-08-07 22:38:46,2023-01-13 17:06:46
418,SUP0418,Gay-Young,563 Jesse Glen Suite 230,Suite 835,Cynthiaport,65730,Delaware,Malawi,Brent Cantrell,001-206-609-8786,G-SUP0418,2002-07-06 18:21:40,2020-11-11 20:34:39
419,SUP0419,Mora-Lowe,995 Rhodes Keys Suite 211,Suite 287,East Michael,59989,Missouri,Cook Islands,Rebecca Gonzales,001-712-850-9212,M-SUP0419,1979-05-02 22:25:35,1998-11-20 03:08:07
420,SUP0420,Howell Ltd,16496 Christine Street Apt. 259,Apt. 341,Bradyside,10299,Arizona,Heard Island and McDonald Islands,Matthew Miller,530.926.9737,HL-SUP0420,1975-07-15 03:58:16,2012-01-12 06:50:01
421,SUP0421,"Bates, Stephenson and Goodwin",38530 Mendoza Stream,Suite 563,South Alex,11995,Ohio,Sweden,Jennifer Lowery,001-404-679-6345x273,BSaG-SUP0421,2010-08-06 14:59:52,2012-05-16 09:09:29
422,SUP0422,"Smith, Berger and Harper",875 Pierce Shore Apt. 512,Suite 700,Tuckerborough,51480,Ohio,Lesotho,Jason Alvarado,824.245.9262x7542,SBaH-SUP0422,1996-05-29 02:26:44,2007-12-05 04:47:18
423,SUP0423,Martinez PLC,7944 Chad Mill,Suite 666,Brownville,27931,New Mexico,Somalia,Joshua Brown,202.886.1256,MP-SUP0423,1979-05-24 16:39:46,2007-05-04 15:55:31
424,SUP0424,"Flynn, Kelley and Garcia",2651 Matthew Rest Suite 969,Apt. 198,Rodriguezview,04180,Arizona,Thailand,Kim Burnett,907-629-7919,FKaG-SUP0424,1976-06-27 09:37:12,1982-04-06 22:24:20
425,SUP0425,Mccormick Ltd,43594 Hodges Square,Suite 977,Port Charlestown,09235,North Dakota,Bahrain,Cody Stafford,8554121080,ML-SUP0425,1986-08-14 20:10:39,2002-11-01 09:25:16
426,SUP0426,"Cox, Cox and Frank",8147 Robert Inlet,Apt. 776,West Georgebury,16318,Nebraska,Russian Federation,Noah Anderson,621-719-2502,CCaF-SUP0426,2004-02-18 15:11:07,2019-08-16 00:35:42
427,SUP0427,Brooks Ltd,99884 Danny Overpass Apt. 421,Suite 684,West Ryanton,35403,Oregon,American Samoa,William Cross,890.489.1695x20403,BL-SUP0427,1999-09-23 18:17:24,2015-09-05 06:43:30
428,SUP0428,Woodard-Johnson,82905 Williams Springs,Apt. 291,Millertown,13139,South Dakota,Oman,Brandon Nguyen,001-562-647-4486,W-SUP0428,1984-02-11 08:04:27,2006-02-22 09:49:44
429,SUP0429,"Oliver, Lewis and Stevens",104 Catherine Lock,Apt. 144,Myershaven,45338,Florida,Kuwait,Mr. Christian Ferguson,659-452-0987x152,OLaS-SUP0429,2006-10-27 04:26:06,2007-09-29 08:41:32
430,SUP0430,"Thomas, Watson and Sandoval",7401 Kirk Key,Suite 013,East Keith,54668,Iowa,Djibouti,Lynn Anderson,760-962-7987x39225,TWaS-SUP0430,2013-09-22 03:08:40,2019-11-25 03:23:03
431,SUP0431,Stephenson-Ross,4331 Kerr Drive Apt. 151,Suite 515,South Dennis,65724,Hawaii,Latvia,Angel Washington,714-748-2144x5011,S-SUP0431,2024-03-12 22:27:17,2024-08-23 04:12:24
432,SUP0432,"Garza, Wang and Gentry",35278 Williams Orchard,Apt. 616,Davidton,20410,West Virginia,Montenegro,Seth Carlson,(395)493-8311,GWaG-SUP0432,2003-01-16 17:05:00,2004-09-29 08:21:46
433,SUP0433,Coleman LLC,3530 Pugh Path,Apt. 519,Kellerside,93819,Florida,Iraq,Steven Brown,001-847-702-3256x593,CL-SUP0433,2005-03-13 21:27:33,2018-09-15 07:51:38
434,SUP0434,Lloyd LLC,7920 Lopez Summit,Apt. 378,Wardburgh,73165,Vermont,Belize,Joshua Brooks,+1-238-564-1611x438,LL-SUP0434,2015-10-28 04:28:15,2022-06-03 04:40:07
435,SUP0435,Deleon and Sons,90891 Kendra Squares,Apt. 160,Jamesstad,35234,Arizona,Samoa,Joshua Flores,(481)957-7104x30583,DaS-SUP0435,1976-10-04 21:24:22,1985-07-14 10:14:26
436,SUP0436,"Andrews, Reese and Golden",300 Roberts Stream Suite 823,Apt. 681,East Tinafurt,07810,South Carolina,Malawi,Monica Finley,648.642.5779,ARaG-SUP0436,2001-01-04 23:46:06,2016-11-19 11:58:18
437,SUP0437,Carson-Simon,2869 Erika Station,Apt. 345,East Gregoryfort,54427,Maryland,Samoa,Jody Joseph,727.554.2895x39481,C-SUP0437,1987-02-07 14:11:29,1994-12-31 19:58:16
438,SUP0438,Patel-Boyd,823 Andrew Island,Apt. 205,North Alyssaport,01290,Florida,Taiwan,Timothy Thompson,721-306-5410x55132,P-SUP0438,1992-02-07 05:17:07,2005-02-03 02:16:49
439,SUP0439,Freeman-Graham,0380 Sean Islands,Suite 093,West Ashlee,79023,Kansas,Equatorial Guinea,Adam Young,001-912-300-0771,F-SUP0439,1977-12-02 22:01:28,2001-12-05 11:09:43
440,SUP0440,Santos and Sons,27155 Ashley Forest,Apt. 556,Micheleton,34484,Connecticut,Turkmenistan,Taylor Black,402.860.1645x46714,SaS-SUP0440,2011-09-09 02:49:34,2024-03-11 01:42:41
441,SUP0441,Macias-Moses,380 Meghan Tunnel,Suite 478,Port Robert,40956,Missouri,Sri Lanka,Shelby Gutierrez,417-239-8200,M-SUP0441,1981-03-22 01:34:00,2008-04-29 14:37:57
442,SUP0442,Morgan Ltd,2738 Marie Mission Suite 385,Suite 516,Hayneshaven,19800,Maine,Belarus,John Richardson,830.619.5292x890,ML-SUP0442,1972-02-06 04:26:06,1999-06-12 09:41:05
443,SUP0443,Arnold-Norton,955 Michael Ranch Suite 253,Apt. 310,Port Stephaniefort,74891,Arkansas,Puerto Rico,John Huynh,640-203-5619,A-SUP0443,2008-03-22 20:29:54,2022-02-18 12:43:39
444,SUP0444,"Humphrey, Harrison and Mills",9627 Fischer Roads Suite 361,Apt. 269,Michaelshire,63316,Arkansas,Thailand,Adam Martinez,7155714166,HHaM-SUP0444,2008-12-30 08:48:17,2011-07-11 20:19:00
445,SUP0445,Wright LLC,23339 Sexton Field,Apt. 011,Port Dustinfort,95263,Indiana,Guam,Caitlin Adams,(713)987-0868,WL-SUP0445,2020-02-04 19:16:19,2021-04-11 19:20:59
446,SUP0446,"Thornton, Malone and Murphy",949 Gomez Streets Apt. 475,Suite 996,West Oscarfort,24120,Ohio,Fiji,Ariel Mcguire,(376)342-1623,TMaM-SUP0446,1976-11-24 19:14:56,2024-01-13 23:16:06
447,SUP0447,Norris Group,00271 Jones Locks,Apt. 022,Gregorychester,03321,Missouri,Central African Republic,Clayton Brown,860-222-5920,NG-SUP0447,1984-05-25 17:21:51,1986-10-01 17:07:17
448,SUP0448,"Vega, Cameron and Walker",9204 Kristin Turnpike,Suite 613,West Johntown,88213,North Carolina,Somalia,Jamie Walker,+1-828-794-2092,VCaW-SUP0448,2022-03-27 15:54:14,2023-05-17 20:38:52
449,SUP0449,Wood PLC,962 Herrera Villages,Suite 351,Lake Melinda,20673,Florida,Anguilla,Katelyn Aguilar,001-934-337-2395x96003,WP-SUP0449,1989-07-27 16:30:33,2023-01-20 05:03:16
450,SUP0450,"Bennett, Benton and Arroyo",11671 Lisa Motorway,Apt. 205,Hallside,12415,Mississippi,Mozambique,Thomas Mitchell,(654)564-5979x255,BBaA-SUP0450,2012-12-23 15:47:19,2020-07-30 08:40:37
451,SUP0451,Reid PLC,54230 Hebert Island,Apt. 810,Savagetown,20586,Arizona,Madagascar,Allison Thompson,(657)993-7499x644,RP-SUP0451,2007-04-11 04:55:17,2015-10-11 15:18:40
452,SUP0452,Ford PLC,695 Justin Vista Apt. 791,Apt. 465,South Lisaborough,58741,Maine,Saint Barthelemy,Jennifer Clayton,281-840-6184,FP-SUP0452,2013-10-25 22:08:06,2020-01-03 20:34:27
453,SUP0453,Ford Group,5961 Weber Shoals Suite 630,Suite 261,Patrickton,24946,South Dakota,Indonesia,Jonathan Vargas,509.730.5837x100,FG-SUP0453,2021-06-18 05:18:52,2022-01-11 05:04:30
454,SUP0454,Edwards PLC,182 Smith Causeway Apt. 030,Apt. 703,Cherylport,12341,Mississippi,Guyana,Sean Sexton,+1-693-834-8927x64569,EP-SUP0454,2013-06-10 06:12:25,2015-02-09 16:21:49
455,SUP0455,Navarro-Roberts,57330 Thomas Gardens,Suite 505,Tuckermouth,76601,Tennessee,Malta,Michael Graham,(838)687-1337x1853,N-SUP0455,1993-03-23 02:22:37,2015-03-22 12:50:02
456,SUP0456,Moses-Cooley,367 Wilson Trail,Suite 780,New Nataliemouth,98889,New York,New Caledonia,Casey Shepherd,593.923.8904x442,M-SUP0456,2012-10-10 09:44:35,2021-05-04 07:49:34
457,SUP0457,Cole-Kirk,6600 Villa Port,Apt. 418,East Amanda,68005,Alabama,Japan,Amanda Walker,001-837-629-9392x689,C-SUP0457,1982-09-25 03:18:27,1998-11-02 19:27:21
458,SUP0458,Miller and Sons,6490 Brenda Stravenue Apt. 633,Suite 775,Rebeccatown,78665,Kansas,Venezuela,Brendan Grant,554-279-7286,MaS-SUP0458,2017-02-26 03:39:41,2021-07-24 14:50:02
459,SUP0459,Cooper LLC,7072 Phyllis Glens,Suite 497,Kathleenbury,28915,Wyoming,Mayotte,Richard Moore,(850)750-4190x156,CL-SUP0459,2014-01-29 01:39:07,2014-09-07 19:27:36
460,SUP0460,Adams-Stewart,536 Smith Wells Suite 608,Apt. 559,Scottville,44271,Illinois,Japan,Tristan Hebert,+1-712-374-5965x7625,A-SUP0460,1983-03-12 18:55:20,2024-03-09 04:04:37
461,SUP0461,"Cordova, Stanley and Houston",929 Eddie Dam,Suite 616,Jamieport,15257,Alaska,Andorra,Bianca Harris,231-523-0507x674,CSaH-SUP0461,1970-02-03 11:38:30,2018-11-11 19:42:16
462,SUP0462,Webster-Page,05280 Wade Island,Apt. 140,Ashleystad,40232,Indiana,Jamaica,Dr. Heather Salazar,(718)910-5152,W-SUP0462,2003-08-16 08:56:37,2008-05-18 14:50:01
463,SUP0463,Davis and Sons,57810 Williams Course,Suite 042,East Amy,67650,New York,Colombia,Justin Dickerson,001-732-440-4583x31708,DaS-SUP0463,2012-06-15 01:14:01,2016-08-21 17:22:26
464,SUP0464,Smith LLC,3879 Sarah Ridges,Suite 271,East Latoya,48150,Florida,New Zealand,Crystal Carey,935.452.1941x93142,SL-SUP0464,1993-04-03 12:43:46,2013-03-12 10:05:05
465,SUP0465,Evans-Glass,48116 Gould Village Suite 548,Apt. 989,Smithland,87566,New Hampshire,Latvia,Daniel Thomas,+1-460-577-9112x82404,E-SUP0465,2009-07-26 11:11:51,2022-08-11 02:43:07
466,SUP0466,Nelson-Johnson,11774 Paula Way,Apt. 403,Johnland,70765,South Dakota,New Caledonia,Christopher Stephens,703-348-9626x51102,N-SUP0466,1994-05-25 09:46:48,2008-01-04 17:03:10
467,SUP0467,Brown PLC,09283 Allen Mountain Suite 098,Suite 807,New Kellytown,72590,North Carolina,South Georgia and the South Sandwich Islands,Adriana Cisneros,001-269-557-1410,BP-SUP0467,1981-03-12 00:40:15,2011-08-26 02:11:34
468,SUP0468,"Mitchell, Cole and Butler",44799 Hunter Overpass,Apt. 046,Raymondville,17916,Maine,Tokelau,Nicole Hall,606-272-8663x473,MCaB-SUP0468,2015-09-08 03:51:32,2023-08-03 18:50:29
469,SUP0469,Leonard-Lee,91363 Jonathan Isle,Apt. 808,West Heatherton,01300,Alaska,Djibouti,Miguel Oliver,+1-590-363-6773x461,L-SUP0469,1996-08-31 00:57:33,2001-01-20 18:00:50
470,SUP0470,Stout-Oliver,596 Daniels Fork Suite 596,Suite 366,Danielberg,27787,Oregon,Barbados,Bernard Wilson,001-377-303-3566x889,S-SUP0470,2009-07-11 19:56:22,2020-11-24 16:05:49
471,SUP0471,"Thompson, Cummings and Baker",293 Michelle Center Apt. 370,Suite 850,Tammyberg,98398,Washington,Croatia,Jamie Harper,441.803.8078x07036,TCaB-SUP0471,2001-04-01 08:53:03,2005-11-26 15:48:08
472,SUP0472,Nguyen Ltd,88640 Linda Hills Apt. 636,Apt. 887,New Michelle,86105,Connecticut,Turkmenistan,Renee Coleman,845-894-6720,NL-SUP0472,1993-03-02 07:16:26,2014-01-07 23:22:21
473,SUP0473,Stephenson-Greer,9301 Hughes Hollow Suite 768,Suite 133,New Daniel,27530,Utah,Guinea-Bissau,Thomas Allen,493.980.2077x362,S-SUP0473,2004-08-05 09:26:46,2022-10-17 20:45:46
474,SUP0474,Williams-Johnson,4261 Marissa Club Apt. 143,Apt. 337,South Ricky,96212,Delaware,Montserrat,Brian Richardson,(274)278-4931x2609,W-SUP0474,1970-02-14 05:54:58,2002-08-20 08:30:38
475,SUP0475,"Wallace, Chambers and Watson",509 Edward Burgs,Suite 305,Conwaytown,94168,Michigan,Estonia,Kristi Sanchez,(294)573-4343x7753,WCaW-SUP0475,1990-12-05 07:52:38,1996-12-24 21:52:43
476,SUP0476,Hodges-Herman,06686 Huerta Circle,Suite 755,East Brianchester,91350,Hawaii,Jordan,Gary Bennett,226-244-3912,H-SUP0476,2018-12-03 00:20:04,2021-09-19 02:27:41
477,SUP0477,Terry PLC,2172 Drake Square,Apt. 999,Harringtonbury,86332,North Dakota,Mongolia,Mr. Justin Steele,427.269.4858x44392,TP-SUP0477,2010-04-22 01:28:03,2012-09-18 11:35:54
478,SUP0478,Richardson-Glover,8483 Keith Route Suite 311,Suite 257,Davidshire,10698,Tennessee,Turkey,Kathryn Anderson,901-980-4263,R-SUP0478,2021-06-28 07:08:05,2023-01-16 05:54:05
479,SUP0479,"Stevens, Miller and Nguyen",008 Smith Course,Apt. 683,Anthonyside,17712,Mississippi,Nicaragua,Sarah Hardy,280-344-9875x861,SMaN-SUP0479,2011-07-24 21:50:21,2022-05-05 07:44:23
480,SUP0480,Hayes and Sons,4554 Romero Rapid,Suite 015,Elizabethburgh,49510,Rhode Island,Ghana,Jonathon Fox,5854171535,HaS-SUP0480,2008-07-07 19:13:58,2024-08-18 06:11:37
481,SUP0481,Anderson-Newman,307 King Branch Apt. 219,Suite 245,Smithland,91258,Connecticut,Kyrgyz Republic,Paige Hudson,(970)367-1550,A-SUP0481,1970-06-15 10:33:26,1984-11-10 01:00:20
482,SUP0482,Byrd PLC,73232 Sanchez Garden Apt. 490,Apt. 159,Jacobbury,48760,Michigan,Palestinian Territory,Ashley Campbell,+1-590-938-6960,BP-SUP0482,1982-04-04 12:06:17,2018-05-17 10:26:34
483,SUP0483,"Kennedy, Brown and Leon",2589 David Mill,Suite 399,East Leslie,61990,South Carolina,South Africa,Connor Kelly,001-599-204-1730x02294,KBaL-SUP0483,1996-11-19 09:54:15,2004-06-18 04:59:17
484,SUP0484,"Cooper, Evans and Stone",70155 Lori Ridges,Apt. 306,Jonesstad,94517,Louisiana,Mongolia,Kristin Kline,237-229-6182,CEaS-SUP0484,1991-10-18 22:19:52,2014-12-25 19:13:29
485,SUP0485,Hall Inc,6779 James Plain Suite 472,Suite 570,East Joannaport,54238,New Jersey,United Arab Emirates,Tyler Miller,001-926-546-5350x933,HI-SUP0485,2023-04-11 18:11:36,2024-04-17 23:03:36
486,SUP0486,"Thompson, Crawford and Knox",57199 Young Cove,Apt. 652,Robertsbury,22207,Arkansas,Denmark,Paula Robinson,384.523.5829,TCaK-SUP0486,2007-08-16 07:41:16,2011-12-17 10:49:52
487,SUP0487,Carter-Spencer,631 Clark Tunnel Suite 405,Suite 158,New Kyleville,43456,Alaska,Belize,Joshua Jones,(450)547-3346x024,C-SUP0487,1975-10-14 21:15:30,1996-03-06 13:34:02
488,SUP0488,Gardner-Brock,53592 Austin Drive Suite 541,Suite 943,Adamberg,35892,Oregon,Bosnia and Herzegovina,Stuart Alvarez,+1-458-644-6675x0183,G-SUP0488,2004-04-08 02:03:09,2016-01-07 16:48:12
489,SUP0489,Henderson-Johnson,19733 Ortiz Harbor,Suite 039,Ortizberg,16437,North Dakota,Isle of Man,Tracy Webster,(981)770-0998x239,H-SUP0489,1973-02-21 06:36:16,1991-12-16 07:19:21
490,SUP0490,Casey Ltd,117 Michael Mills,Apt. 318,East Annamouth,28928,Alabama,Australia,Zachary Bell,001-586-933-5704x1801,CL-SUP0490,1997-03-22 13:52:12,2018-05-06 11:45:41
491,SUP0491,"Pham, Ellis and Mckee",85589 Stephen Ford,Suite 270,Gibsonstad,61061,Idaho,Anguilla,Nicole Perkins,+1-585-785-4042x3983,PEaM-SUP0491,1986-02-13 08:56:50,2001-12-27 10:28:47
492,SUP0492,Fisher Group,1900 Greer Square,Suite 268,South Jessica,45763,Utah,Germany,April Willis,(476)958-8164,FG-SUP0492,1982-05-02 13:14:19,1997-07-23 22:41:01
493,SUP0493,"Moss, Marquez and Reilly",287 William Mews,Apt. 244,North John,20477,Virginia,Ukraine,Andrew Ruiz,+1-549-528-4408x9635,MMaR-SUP0493,2021-06-07 19:14:13,2021-12-09 21:54:57
494,SUP0494,"Miller, Contreras and Barker",8748 King Loaf Apt. 472,Suite 945,Lake Troyville,78706,South Dakota,Greece,Ann Holmes,802-421-5166,MCaB-SUP0494,1996-06-26 10:38:49,2023-08-14 10:40:51
495,SUP0495,"Baker, Lawson and Collins",7117 Ashley Pike,Apt. 090,Robertotown,21650,Michigan,Andorra,Joseph Navarro,395-359-4649x8985,BLaC-SUP0495,1993-05-03 22:35:24,2010-08-05 17:51:37
496,SUP0496,Garner PLC,2564 Tyler Center Apt. 101,Suite 494,East Traci,32926,Oregon,Isle of Man,Melissa Green,991.697.9606,GP-SUP0496,1975-04-28 14:59:08,1998-10-11 04:20:18
497,SUP0497,Neal-Hoffman,7032 Mindy Meadow,Apt. 937,Lake Alex,62913,Washington,Taiwan,Jeffrey Larsen,(786)666-7146,N-SUP0497,1987-06-10 04:33:51,2014-06-24 16:12:58
